-- phpMyAdmin SQL Dump
-- version 4.8.5
-- https://www.phpmyadmin.net/
--
-- Host: 127.0.0.1
-- Generation Time: Dec 07, 2019 at 03:59 AM
-- Server version: 10.1.38-MariaDB
-- PHP Version: 7.3.2

SET SQL_MODE = "NO_AUTO_VALUE_ON_ZERO";
SET AUTOCOMMIT = 0;
START TRANSACTION;
SET time_zone = "+00:00";


/*!40101 SET @OLD_CHARACTER_SET_CLIENT=@@CHARACTER_SET_CLIENT */;
/*!40101 SET @OLD_CHARACTER_SET_RESULTS=@@CHARACTER_SET_RESULTS */;
/*!40101 SET @OLD_COLLATION_CONNECTION=@@COLLATION_CONNECTION */;
/*!40101 SET NAMES utf8mb4 */;

--
-- Database: `cert`
--

-- --------------------------------------------------------

--
-- Table structure for table `certacquire`
--

CREATE TABLE `certacquire` (
  `acquireID` int(11) NOT NULL,
  `date` date DEFAULT NULL,
  `noMatric` varchar(255) DEFAULT NULL,
  `attendantID` int(11) DEFAULT NULL,
  `certID` int(11) NOT NULL
) ENGINE=InnoDB DEFAULT CHARSET=latin1;

--
-- Dumping data for table `certacquire`
--

INSERT INTO `certacquire` (`acquireID`, `date`, `noMatric`, `attendantID`, `certID`) VALUES
(1, '2019-05-30', 'B031710157', 203, 1),
(2, '2019-05-30', 'B031890999', 245, 6);

-- --------------------------------------------------------

--
-- Table structure for table `certificate`
--

CREATE TABLE `certificate` (
  `certID` int(11) NOT NULL,
  `certName` varchar(255) NOT NULL
) ENGINE=InnoDB DEFAULT CHARSET=latin1;

--
-- Dumping data for table `certificate`
--

INSERT INTO `certificate` (`certID`, `certName`) VALUES
(1, 'RAPID MINER'),
(2, 'HTML 5'),
(3, 'CCNA SECURITY'),
(5, 'ORACLE JAVA'),
(6, 'ORACLE DB'),
(7, 'PYTHON JUPYTER');

-- --------------------------------------------------------

--
-- Table structure for table `class`
--

CREATE TABLE `class` (
  `classID` int(11) NOT NULL,
  `userID` int(11) DEFAULT NULL,
  `certID` int(11) DEFAULT NULL,
  `cohortID` int(11) DEFAULT NULL
) ENGINE=InnoDB DEFAULT CHARSET=latin1;

--
-- Dumping data for table `class`
--

INSERT INTO `class` (`classID`, `userID`, `certID`, `cohortID`) VALUES
(66, 4, 1, 2),
(68, 4, 1, 4),
(69, 4, 6, 5);

-- --------------------------------------------------------

--
-- Table structure for table `classattendance`
--

CREATE TABLE `classattendance` (
  `attendantID` int(11) NOT NULL,
  `attendantStatus` int(11) DEFAULT NULL,
  `noMatric` varchar(255) DEFAULT NULL,
  `classID` int(11) DEFAULT NULL
) ENGINE=InnoDB DEFAULT CHARSET=latin1;

--
-- Dumping data for table `classattendance`
--

INSERT INTO `classattendance` (`attendantID`, `attendantStatus`, `noMatric`, `classID`) VALUES
(199, 1, 'B031710018', 66),
(200, 1, 'B031710028', 66),
(201, 1, 'B031710148', 66),
(202, 1, 'B031710153', 66),
(203, 1, 'B031710157', 66),
(204, 1, 'B031710168', 66),
(205, 1, 'B031710169', 66),
(206, 1, 'B031710174', 66),
(207, 1, 'B031710177', 66),
(208, 1, 'B031710184', 66),
(209, 1, 'B031710191', 66),
(210, 1, 'B031710192', 66),
(211, 1, 'B031710193', 66),
(212, 1, 'B031710194', 66),
(213, 1, 'B031710195', 66),
(214, 1, 'B031710200', 66),
(215, 1, 'B031710210', 66),
(216, 1, 'B031710211', 66),
(217, 1, 'B031710228', 66),
(218, 1, 'B031710237', 66),
(219, 1, 'B031710243', 66),
(220, 1, 'B031710252', 66),
(221, 1, 'B031710254', 66),
(222, 1, 'B031710267', 66),
(223, 1, 'B031710272', 66),
(224, 1, 'B031710281', 66),
(225, 1, 'B031710284', 66),
(226, 1, 'B031710303', 66),
(227, 1, 'B031710326', 66),
(228, 1, 'B031710334', 66),
(229, 1, 'B031710339', 66),
(230, 1, 'B031710343', 66),
(231, 1, 'B031710349', 66),
(232, 1, 'B031710354', 66),
(233, 1, 'B031710371', 66),
(234, 1, 'B031710385', 66),
(235, 1, 'B031710391', 66),
(236, 1, 'B031710408', 66),
(237, 1, 'B031710409', 66),
(238, 1, 'B031710418', 66),
(239, 1, 'B031710420', 66),
(240, 1, 'B031710423', 66),
(241, 1, 'B031710443', 66),
(242, 1, 'B031710452', 66),
(243, 1, 'B031810002', 66),
(244, 1, 'B031810999', 68),
(245, 1, 'B031890999', 69);

-- --------------------------------------------------------

--
-- Table structure for table `cohort`
--

CREATE TABLE `cohort` (
  `cohortID` int(11) NOT NULL,
  `cohortYear` varchar(255) NOT NULL
) ENGINE=InnoDB DEFAULT CHARSET=latin1;

--
-- Dumping data for table `cohort`
--

INSERT INTO `cohort` (`cohortID`, `cohortYear`) VALUES
(2, '16/17'),
(3, '18/19'),
(4, '20/21'),
(5, '22/23'),
(6, '24/25'),
(7, '26/27'),
(8, '26/27'),
(11, '28/29'),
(12, '29/30'),
(13, '01/02');

-- --------------------------------------------------------

--
-- Table structure for table `cohortcertdetails`
--

CREATE TABLE `cohortcertdetails` (
  `cohortcertID` int(11) NOT NULL,
  `certID` int(11) DEFAULT NULL,
  `cohortID` int(11) DEFAULT NULL,
  `deptCode` varchar(255) DEFAULT NULL
) ENGINE=InnoDB DEFAULT CHARSET=latin1;

--
-- Dumping data for table `cohortcertdetails`
--

INSERT INTO `cohortcertdetails` (`cohortcertID`, `certID`, `cohortID`, `deptCode`) VALUES
(1, 1, 3, 'BITI'),
(2, 2, 3, 'BITM'),
(3, 2, 3, 'BITE'),
(5, 3, 3, 'BITZ'),
(6, 5, 3, 'BITS'),
(7, 6, 3, 'BITD'),
(8, 7, 5, 'BITI');

-- --------------------------------------------------------

--
-- Table structure for table `department`
--

CREATE TABLE `department` (
  `CourseCode` varchar(255) NOT NULL,
  `courseName` varchar(255) NOT NULL
) ENGINE=InnoDB DEFAULT CHARSET=latin1;

--
-- Dumping data for table `department`
--

INSERT INTO `department` (`CourseCode`, `courseName`) VALUES
('BITC', 'Bachelor of Computer Science (Computer Networking)'),
('BITD', 'Bachelor of Computer Science (Database Management)'),
('BITE', 'Bachelor of Information Technology (Game Technology)'),
('BITI', 'Bachelor of Computer Science (Artificial Intelligence)'),
('BITM', 'Bachelor of Computer Science (Interactive Media)'),
('BITS', 'Bachelor of Computer Science (Software Development)'),
('BITZ', 'Bachelor of Computer Science (Computer Security)'),
('DIT', 'Diploma in Information and Communication Technology');

-- --------------------------------------------------------

--
-- Table structure for table `payment`
--

CREATE TABLE `payment` (
  `paymentID` int(11) NOT NULL,
  `noMatric` varchar(255) DEFAULT NULL,
  `payAmount` int(11) DEFAULT NULL
) ENGINE=InnoDB DEFAULT CHARSET=latin1;

--
-- Dumping data for table `payment`
--

INSERT INTO `payment` (`paymentID`, `noMatric`, `payAmount`) VALUES
(1787, 'B031820033', 100),
(1788, 'B031820481', 100),
(1789, 'B031810085', 200),
(1790, 'B031810130', 200),
(1791, 'B031810155', 200),
(1792, 'B031810174', 200),
(1793, 'B031810175', 200),
(1794, 'B031810177', 200),
(1795, 'B031810183', 200),
(1796, 'B031810192', 200),
(1797, 'B031810193', 200),
(1798, 'B031810205', 200),
(1799, 'B031810209', 200),
(1800, 'B031810218', 200),
(1801, 'B031810229', 200),
(1802, 'B031810231', 200),
(1803, 'B031810232', 200),
(1804, 'B031810233', 200),
(1805, 'B031810242', 200),
(1806, 'B031810253', 200),
(1807, 'B031810254', 200),
(1808, 'B031810263', 200),
(1809, 'B031810272', 200),
(1810, 'B031810292', 200),
(1811, 'B031810294', 200),
(1812, 'B031810304', 200),
(1813, 'B031810317', 200),
(1814, 'B031810319', 200),
(1815, 'B031810330', 200),
(1816, 'B031810338', 200),
(1817, 'B031810342', 200),
(1818, 'B031810344', 200),
(1819, 'B031810345', 200),
(1820, 'B031810349', 200),
(1821, 'B031810378', 200),
(1822, 'B031810380', 200),
(1823, 'B031810388', 200),
(1824, 'B031810390', 200),
(1825, 'B031810391', 200),
(1826, 'B031810393', 200),
(1827, 'B031810442', 200),
(1828, 'B031810445', 200),
(1829, 'B031810451', 200),
(1830, 'B031810453', 200),
(1831, 'B031810459', 200),
(1832, 'B031820003', 200),
(1833, 'B031820005', 200),
(1834, 'B031820013', 200),
(1835, 'B031820059', 200),
(1836, 'B031820062', 200),
(1837, 'B031820073', 200),
(1838, 'B031820099', 200),
(1839, 'B031820100', 200),
(1840, 'B031810005', 300),
(1841, 'B031810008', 300),
(1842, 'B031810026', 300),
(1843, 'B031810035', 300),
(1844, 'B031810039', 300),
(1845, 'B031810046', 300),
(1846, 'B031810049', 300),
(1847, 'B031810053', 300),
(1848, 'B031810067', 300),
(1849, 'B031810068', 300),
(1850, 'B031810079', 300),
(1851, 'B031810084', 300),
(1852, 'B031810086', 300),
(1853, 'B031810091', 300),
(1854, 'B031810097', 300),
(1855, 'B031810124', 300),
(1856, 'B031810127', 300),
(1857, 'B031810147', 300),
(1859, 'B031810170', 300),
(1860, 'B031810457', 300),
(1861, 'B031820009', 300),
(1862, 'B031820014', 300),
(1863, 'B031820015', 300),
(1864, 'B031820020', 300),
(1865, 'B031820031', 300),
(1866, 'B031820037', 300),
(1867, 'B031820041', 300),
(1868, 'B031820047', 300),
(1869, 'B031820048', 300),
(1870, 'B031820053', 300),
(1871, 'B031820070', 300),
(1872, 'B031820075', 300),
(1873, 'B031820113', 300),
(1874, 'B031710005', 400),
(1875, 'B031710022', 400),
(1876, 'B031710025', 400),
(1877, 'B031710030', 400),
(1878, 'B031710037', 400),
(1879, 'B031710049', 400),
(1880, 'B031710051', 400),
(1881, 'B031710052', 400),
(1882, 'B031710053', 400),
(1883, 'B031710054', 400),
(1884, 'B031710055', 400),
(1885, 'B031710056', 400),
(1886, 'B031710064', 400),
(1887, 'B031710065', 400),
(1888, 'B031710082', 400),
(1889, 'B031710100', 400),
(1890, 'B031710139', 400),
(1891, 'B031710155', 400),
(1892, 'B031710156', 400),
(1893, 'B031710164', 400),
(1894, 'B031710171', 400),
(1895, 'B031710173', 400),
(1896, 'B031710201', 400),
(1897, 'B031710218', 400),
(1898, 'B031710221', 400),
(1899, 'B031710232', 400),
(1900, 'B031710239', 400),
(1901, 'B031710244', 400),
(1902, 'B031710256', 400),
(1903, 'B031710258', 400),
(1904, 'B031710268', 400),
(1905, 'B031710278', 400),
(1906, 'B031710282', 400),
(1907, 'B031710287', 400),
(1910, 'B031710304', 400),
(1911, 'B031710315', 400),
(1912, 'B031710320', 400),
(1913, 'B031710324', 400),
(1914, 'B031710325', 400),
(1915, 'B031710328', 400),
(1916, 'B031710335', 400),
(1917, 'B031710338', 400),
(1918, 'B031710350', 400),
(1919, 'B031710351', 400),
(1920, 'B031710353', 400),
(1921, 'B031710357', 400),
(1922, 'B031710369', 400),
(1923, 'B031710382', 400),
(1924, 'B031710393', 400),
(1925, 'B031710394', 400),
(1926, 'B031710410', 400),
(1927, 'B031710417', 400),
(1928, 'B031710435', 400),
(1929, 'B031710439', 400),
(1930, 'B031710440', 400),
(1931, 'B031710455', 400),
(1932, 'B031810011', 400),
(1933, 'B031810016', 400),
(1934, 'B031810018', 400),
(1935, 'B031810019', 400),
(1936, 'B031810020', 400),
(2057, 'B031810278', 100),
(2058, 'B031820482', 100),
(2059, 'B031810033', 200),
(2060, 'B031810058', 200),
(2061, 'B031810060', 200),
(2062, 'B031810074', 200),
(2063, 'B031810098', 200),
(2064, 'B031810164', 200),
(2065, 'B031810181', 200),
(2066, 'B031810188', 200),
(2067, 'B031810200', 200),
(2068, 'B031810203', 200),
(2069, 'B031810208', 200),
(2070, 'B031810210', 200),
(2071, 'B031810215', 200),
(2072, 'B031810226', 200),
(2073, 'B031810228', 200),
(2074, 'B031810243', 200),
(2075, 'B031810255', 200),
(2076, 'B031810261', 200),
(2077, 'B031810284', 200),
(2078, 'B031810291', 200),
(2079, 'B031810302', 200),
(2080, 'B031810303', 200),
(2081, 'B031810305', 200),
(2082, 'B031810306', 200),
(2083, 'B031810313', 200),
(2084, 'B031810318', 200),
(2085, 'B031810341', 200),
(2086, 'B031810347', 200),
(2087, 'B031810350', 200),
(2088, 'B031810359', 200),
(2089, 'B031810372', 200),
(2090, 'B031810374', 200),
(2091, 'B031810383', 200),
(2092, 'B031810448', 200),
(2093, 'B031810461', 200),
(2094, 'B031810030', 300),
(2095, 'B031810034', 300),
(2096, 'B031810044', 300),
(2097, 'B031810047', 300),
(2098, 'B031810054', 300),
(2099, 'B031810064', 300),
(2100, 'B031810073', 300),
(2101, 'B031810089', 300),
(2102, 'B031810109', 300),
(2103, 'B031810112', 300),
(2104, 'B031810114', 300),
(2105, 'B031810131', 300),
(2106, 'B031810140', 300),
(2107, 'B031810141', 300),
(2108, 'B031810142', 300),
(2109, 'B031820018', 300),
(2110, 'B031820021', 300),
(2111, 'B031820025', 300),
(2112, 'B031820026', 300),
(2113, 'B031820035', 300),
(2114, 'B031820040', 300),
(2115, 'B031820046', 300),
(2116, 'B031820050', 300),
(2117, 'B031820051', 300),
(2118, 'B031820052', 300),
(2119, 'B031820074', 300),
(2120, 'B031820079', 300),
(2121, 'B031820084', 300),
(2122, 'B031820088', 300),
(2123, 'B031820089', 300),
(2125, 'B031820117', 300),
(2126, 'B031710042', 400),
(2127, 'B031710074', 400),
(2128, 'B031710079', 400),
(2129, 'B031710144', 400),
(2130, 'B031710145', 400),
(2131, 'B031710152', 400),
(2132, 'B031710158', 400),
(2133, 'B031710161', 400),
(2134, 'B031710165', 400),
(2135, 'B031710166', 400),
(2136, 'B031710199', 400),
(2137, 'B031710204', 400),
(2138, 'B031710205', 400),
(2139, 'B031710206', 400),
(2140, 'B031710215', 400),
(2141, 'B031710227', 400),
(2142, 'B031710235', 400),
(2143, 'B031710242', 400),
(2144, 'B031710247', 400),
(2145, 'B031710259', 400),
(2146, 'B031710260', 400),
(2147, 'B031710261', 400),
(2148, 'B031710276', 400),
(2149, 'B031710277', 400),
(2150, 'B031710291', 400),
(2151, 'B031710293', 400),
(2152, 'B031710294', 400),
(2153, 'B031710300', 400),
(2154, 'B031710312', 400),
(2155, 'B031710330', 400),
(2156, 'B031710331', 400),
(2157, 'B031710333', 400),
(2158, 'B031710344', 400),
(2159, 'B031710352', 400),
(2160, 'B031710363', 400),
(2161, 'B031710368', 400),
(2162, 'B031710376', 400),
(2163, 'B031710381', 400),
(2164, 'B031810120', 400),
(2165, 'B031810400', 400),
(2249, 'B031820063', 100),
(2250, 'B031610146', 200),
(2251, 'B031810055', 200),
(2252, 'B031810241', 200),
(2253, 'B031810250', 200),
(2254, 'B031810259', 200),
(2255, 'B031810268', 200),
(2257, 'B031810273', 200),
(2258, 'B031810285', 200),
(2259, 'B031810297', 200),
(2260, 'B031810300', 200),
(2261, 'B031810326', 200),
(2262, 'B031810329', 200),
(2263, 'B031810354', 200),
(2264, 'B031810355', 200),
(2265, 'B031810362', 200),
(2266, 'B031810371', 200),
(2267, 'B031810377', 200),
(2268, 'B031820083', 200),
(2269, 'B031820092', 200),
(2270, 'B031820109', 200),
(2271, 'B031810037', 300),
(2272, 'B031810083', 300),
(2274, 'B031810095', 200),
(2275, 'B031810134', 200),
(2276, 'B031810151', 300),
(2277, 'B031810153', 300),
(2278, 'B031810396', 300),
(2279, 'B031810397', 300),
(2280, 'B031810425', 300),
(2281, 'B031810431', 300),
(2282, 'B031810450', 300),
(2283, 'B031710035', 400),
(2284, 'B031710045', 400),
(2285, 'B031710083', 400),
(2286, 'B031710091', 400),
(2287, 'B031710122', 400),
(2288, 'B031710147', 400),
(2289, 'B031710172', 400),
(2290, 'B031710222', 400),
(2291, 'B031710236', 400),
(2292, 'B031710238', 400),
(2293, 'B031710263', 400),
(2294, 'B031710275', 400),
(2295, 'B031710279', 400),
(2296, 'B031710305', 400),
(2297, 'B031710307', 400),
(2298, 'B031710314', 400),
(2299, 'B031710316', 400),
(2300, 'B031710317', 400),
(2301, 'B031710329', 400),
(2302, 'B031710361', 400),
(2303, 'B031710365', 400),
(2304, 'B031710367', 400),
(2305, 'B031710373', 400),
(2306, 'B031710384', 400),
(2338, 'B031820094', 100),
(2339, 'B031820476', 100),
(2340, 'B031810122', 200),
(2341, 'B031810152', 200),
(2342, 'B031810178', 200),
(2343, 'B031810179', 200),
(2344, 'B031810196', 200),
(2345, 'B031810197', 200),
(2346, 'B031810201', 200),
(2347, 'B031810204', 200),
(2348, 'B031810219', 200),
(2349, 'B031810221', 200),
(2350, 'B031810222', 200),
(2351, 'B031810234', 200),
(2352, 'B031810236', 200),
(2353, 'B031810246', 200),
(2354, 'B031810248', 200),
(2355, 'B031810256', 200),
(2356, 'B031810258', 200),
(2357, 'B031810281', 200),
(2358, 'B031810283', 200),
(2359, 'B031810286', 200),
(2360, 'B031810295', 200),
(2361, 'B031810296', 200),
(2362, 'B031810299', 200),
(2363, 'B031810311', 200),
(2364, 'B031810312', 200),
(2365, 'B031810314', 200),
(2366, 'B031810323', 200),
(2367, 'B031810332', 200),
(2368, 'B031810334', 200),
(2369, 'B031810360', 200),
(2370, 'B031810361', 200),
(2371, 'B031810365', 200),
(2372, 'B031810373', 200),
(2373, 'B031810382', 200),
(2374, 'B031810392', 200),
(2375, 'B031810404', 200),
(2376, 'B031810426', 200),
(2377, 'B031810452', 200),
(2378, 'B031810468', 200),
(2379, 'B031820017', 200),
(2380, 'B031820098', 200),
(2381, 'B031810032', 300),
(2382, 'B031810056', 300),
(2383, 'B031810069', 300),
(2384, 'B031810072', 300),
(2385, 'B031810081', 300),
(2386, 'B031810101', 300),
(2387, 'B031810102', 300),
(2388, 'B031810113', 300),
(2389, 'B031810123', 300),
(2390, 'B031810125', 300),
(2391, 'B031810136', 200),
(2392, 'B031810139', 300),
(2393, 'B031810143', 300),
(2394, 'B031810146', 300),
(2395, 'B031810157', 300),
(2396, 'B031810166', 300),
(2397, 'B031810172', 300),
(2398, 'B031810408', 300),
(2399, 'B031810411', 300),
(2400, 'B031810418', 300),
(2401, 'B031810454', 300),
(2402, 'B031810455', 300),
(2403, 'B031820029', 300),
(2404, 'B031710018', 400),
(2405, 'B031710028', 400),
(2406, 'B031710148', 400),
(2407, 'B031710153', 400),
(2408, 'B031710157', 400),
(2409, 'B031710168', 400),
(2410, 'B031710169', 400),
(2411, 'B031710174', 400),
(2412, 'B031710177', 400),
(2413, 'B031710184', 400),
(2414, 'B031710191', 400),
(2415, 'B031710192', 400),
(2416, 'B031710193', 400),
(2417, 'B031710194', 400),
(2418, 'B031710195', 400),
(2419, 'B031710200', 400),
(2420, 'B031710210', 400),
(2421, 'B031710211', 400),
(2423, 'B031710228', 400),
(2424, 'B031710237', 400),
(2425, 'B031710243', 400),
(2426, 'B031710252', 400),
(2427, 'B031710254', 400),
(2428, 'B031710267', 400),
(2429, 'B031710272', 400),
(2430, 'B031710281', 400),
(2431, 'B031710284', 400),
(2432, 'B031710303', 400),
(2433, 'B031710326', 400),
(2434, 'B031710334', 400),
(2435, 'B031710339', 400),
(2436, 'B031710343', 400),
(2437, 'B031710349', 400),
(2438, 'B031710354', 400),
(2439, 'B031710371', 400),
(2440, 'B031710385', 400),
(2441, 'B031710391', 400),
(2442, 'B031710408', 400),
(2443, 'B031710409', 400),
(2444, 'B031710418', 400),
(2445, 'B031710420', 400),
(2446, 'B031710423', 400),
(2447, 'B031710443', 400),
(2448, 'B031710452', 400),
(2449, 'B031810002', 400),
(2507, 'B031810115', 200),
(2508, 'B031810182', 200),
(2509, 'B031810184', 200),
(2510, 'B031810185', 200),
(2511, 'B031810189', 200),
(2512, 'B031810195', 200),
(2513, 'B031810198', 200),
(2514, 'B031810214', 200),
(2515, 'B031810225', 200),
(2516, 'B031810230', 200),
(2517, 'B031810235', 200),
(2518, 'B031810238', 200),
(2519, 'B031810239', 200),
(2520, 'B031810245', 200),
(2521, 'B031810265', 200),
(2522, 'B031810266', 200),
(2523, 'B031810274', 200),
(2524, 'B031810282', 200),
(2525, 'B031810287', 200),
(2526, 'B031810308', 200),
(2527, 'B031810316', 200),
(2528, 'B031810321', 200),
(2529, 'B031810322', 200),
(2530, 'B031810328', 200),
(2531, 'B031810335', 200),
(2532, 'B031810340', 200),
(2533, 'B031810348', 200),
(2534, 'B031810356', 200),
(2535, 'B031810367', 200),
(2536, 'B031810368', 200),
(2537, 'B031810369', 200),
(2538, 'B031810376', 200),
(2539, 'B031810398', 200),
(2540, 'B031810405', 200),
(2541, 'B031810406', 200),
(2542, 'B031810443', 200),
(2543, 'B031810449', 200),
(2544, 'B031810456', 200),
(2545, 'B031810466', 200),
(2546, 'B031720009', 300),
(2547, 'B031810021', 300),
(2548, 'B031810022', 300),
(2549, 'B031810023', 300),
(2550, 'B031810048', 300),
(2551, 'B031810057', 300),
(2552, 'B031810063', 300),
(2553, 'B031810065', 300),
(2554, 'B031810078', 300),
(2555, 'B031810082', 300),
(2556, 'B031810093', 300),
(2557, 'B031810132', 300),
(2558, 'B031810135', 300),
(2559, 'B031810148', 300),
(2560, 'B031810156', 300),
(2561, 'B031810159', 300),
(2562, 'B031810409', 300),
(2563, 'B031810415', 300),
(2564, 'B031810420', 300),
(2565, 'B031810421', 300),
(2566, 'B031810427', 300),
(2567, 'B031820028', 300),
(2568, 'B031820034', 300),
(2570, 'B031820078', 300),
(2571, 'B031820080', 300),
(2572, 'B031820093', 300),
(2573, 'B031710009', 400),
(2574, 'B031710016', 400),
(2575, 'B031710017', 400),
(2576, 'B031710026', 400),
(2577, 'B031710031', 400),
(2578, 'B031710117', 400),
(2579, 'B031710131', 400),
(2580, 'B031710134', 400),
(2581, 'B031710149', 400),
(2582, 'B031710176', 400),
(2583, 'B031710186', 400),
(2584, 'B031710187', 400),
(2585, 'B031710189', 400),
(2586, 'B031710196', 400),
(2587, 'B031710198', 400),
(2588, 'B031710213', 400),
(2589, 'B031710225', 400),
(2590, 'B031710229', 400),
(2591, 'B031710280', 400),
(2592, 'B031710288', 400),
(2593, 'B031710290', 400),
(2594, 'B031710292', 400),
(2595, 'B031710296', 400),
(2596, 'B031710299', 400),
(2597, 'B031710302', 400),
(2598, 'B031710309', 400),
(2599, 'B031710313', 400),
(2600, 'B031710322', 400),
(2601, 'B031710332', 400),
(2602, 'B031710347', 400),
(2603, 'B031710355', 400),
(2604, 'B031710356', 400),
(2605, 'B031710358', 400),
(2606, 'B031710360', 400),
(2607, 'B031710362', 400),
(2608, 'B031710366', 400),
(2609, 'B031710370', 400),
(2610, 'B031710375', 400),
(2611, 'B031710378', 400),
(2612, 'B031710380', 400),
(2613, 'B031710387', 400),
(2615, 'B031710416', 400),
(2616, 'B031710428', 400),
(2617, 'B031710453', 400),
(2618, 'B031810003', 400),
(2619, 'B031810043', 400),
(2620, 'B031810096', 400),
(2621, 'B031810105', 400),
(2622, 'B031810110', 400),
(2623, 'B031810116', 400),
(2624, 'B031810128', 400),
(2625, 'B031810145', 400),
(2626, 'B031810154', 400),
(2627, 'B031810161', 400),
(2628, 'B031810410', 400),
(2629, 'B031810412', 400),
(2630, 'B031810416', 400),
(2631, 'B031810419', 400),
(2632, 'B031810430', 400),
(2735, 'B031820477', 100),
(2736, 'B031820478', 100),
(2737, 'B031820480', 100),
(2738, 'B031710406', 200),
(2739, 'B031710460', 200),
(2740, 'B031810144', 200),
(2741, 'B031810176', 200),
(2742, 'B031810191', 200),
(2743, 'B031810194', 200),
(2744, 'B031810202', 200),
(2745, 'B031810211', 200),
(2746, 'B031810220', 200),
(2747, 'B031810223', 200),
(2748, 'B031810227', 200),
(2750, 'B031810249', 200),
(2751, 'B031810267', 200),
(2752, 'B031810277', 200),
(2753, 'B031810279', 200),
(2754, 'B031810288', 200),
(2755, 'B031810289', 200),
(2756, 'B031810293', 200),
(2757, 'B031810301', 200),
(2758, 'B031810310', 200),
(2759, 'B031810331', 200),
(2760, 'B031810339', 200),
(2761, 'B031810346', 200),
(2762, 'B031810353', 200),
(2763, 'B031810358', 200),
(2764, 'B031810363', 200),
(2765, 'B031810364', 200),
(2766, 'B031810366', 200),
(2767, 'B031810370', 200),
(2768, 'B031810375', 200),
(2769, 'B031810379', 200),
(2770, 'B031810381', 200),
(2771, 'B031810384', 200),
(2772, 'B031810386', 200),
(2773, 'B031810399', 200),
(2774, 'B031810401', 200),
(2775, 'B031810422', 200),
(2776, 'B031810423', 200),
(2777, 'B031810424', 200),
(2778, 'B031810432', 200),
(2779, 'B031810433', 200),
(2780, 'B031810436', 200),
(2781, 'B031810437', 200),
(2782, 'B031810438', 200),
(2783, 'B031810447', 200),
(2784, 'B031810460', 200),
(2785, 'B031810464', 200),
(2786, 'B031810467', 200),
(2787, 'B031810469', 200),
(2788, 'B031810470', 200),
(2789, 'B031810474', 200),
(2790, 'B031820057', 200),
(2791, 'B031710007', 300),
(2792, 'B031710424', 300),
(2793, 'B031710446', 300),
(2794, 'B031810031', 300),
(2795, 'B031810042', 300),
(2796, 'B031810052', 300),
(2797, 'B031810071', 300),
(2798, 'B031810137', 300),
(2799, 'B031810165', 300),
(2800, 'B031810465', 300),
(2801, 'B031820007', 300),
(2802, 'B031820023', 300),
(2803, 'B031820027', 300),
(2804, 'B031820038', 300),
(2805, 'B031820043', 300),
(2806, 'B031820044', 300),
(2807, 'B031820060', 300),
(2808, 'B031820081', 300),
(2809, 'B031820091', 300),
(2810, 'B031820096', 300),
(2811, 'B031820115', 300),
(2812, 'B031820116', 300),
(2813, 'B031710001', 400),
(2814, 'B031710012', 400),
(2815, 'B031710047', 400),
(2816, 'B031710061', 400),
(2817, 'B031710063', 400),
(2818, 'B031710069', 400),
(2819, 'B031710151', 400),
(2820, 'B031710160', 400),
(2822, 'B031710170', 400),
(2823, 'B031710178', 400),
(2824, 'B031710181', 400),
(2825, 'B031710185', 400),
(2826, 'B031710188', 400),
(2827, 'B031710197', 400),
(2828, 'B031710203', 400),
(2829, 'B031710208', 400),
(2830, 'B031710220', 400),
(2831, 'B031710224', 400),
(2832, 'B031710226', 400),
(2833, 'B031710234', 400),
(2834, 'B031710240', 400),
(2835, 'B031710245', 400),
(2836, 'B031710248', 400),
(2837, 'B031710265', 400),
(2838, 'B031710266', 400),
(2839, 'B031710273', 400),
(2840, 'B031710286', 400),
(2841, 'B031710301', 400),
(2842, 'B031710306', 400),
(2843, 'B031710308', 400),
(2844, 'B031710311', 400),
(2845, 'B031710318', 400),
(2846, 'B031710319', 400),
(2847, 'B031710321', 400),
(2848, 'B031710327', 400),
(2849, 'B031710336', 400),
(2850, 'B031710340', 400),
(2851, 'B031710342', 400),
(2852, 'B031710346', 400),
(2853, 'B031710348', 400),
(2854, 'B031710359', 400),
(2855, 'B031710383', 400),
(2856, 'B031710389', 400),
(2857, 'B031710396', 400),
(2858, 'B031710397', 400),
(2859, 'B031710411', 400),
(2860, 'B031710413', 400),
(2861, 'B031710414', 400),
(2862, 'B031710415', 400),
(2863, 'B031710422', 400),
(2864, 'B031710425', 400),
(2865, 'B031710426', 400),
(2866, 'B031710427', 400),
(2867, 'B031710433', 400),
(2868, 'B031710434', 400),
(2869, 'B031710445', 400),
(2870, 'B031710448', 400),
(2871, 'B031710454', 400),
(2872, 'B031710457', 400),
(2873, 'B031810004', 400),
(2874, 'B031810006', 400),
(2875, 'B031810010', 400),
(2876, 'B031810013', 400),
(2877, 'B031810027', 400),
(2878, 'B031810076', 400),
(2879, 'B031810080', 400),
(2880, 'B031810103', 400),
(2881, 'B031810106', 400),
(2882, 'B031810108', 400),
(2883, 'B031810111', 400),
(2884, 'B031810117', 400),
(2885, 'B031810150', 400),
(2886, 'B031810160', 400),
(2887, 'B031810163', 400),
(2888, 'B031810167', 400),
(2889, 'B031810168', 400),
(2890, 'B031810171', 400),
(2891, 'B031810173', 400),
(2892, 'B031810429', 400),
(2893, 'B031810444', 400),
(2894, 'B031810462', 400),
(2895, 'B031810463', 400),
(3008, 'D031810001', 200),
(3009, 'D031810007', 200),
(3010, 'D031810008', 200),
(3011, 'D031810012', 200),
(3012, 'D031810013', 200),
(3013, 'D031810019', 200),
(3014, 'D031810024', 200),
(3015, 'D031810026', 200),
(3016, 'D031810030', 200),
(3017, 'D031810032', 200),
(3018, 'D031810034', 200),
(3019, 'D031810035', 200),
(3020, 'D031810040', 200),
(3021, 'D031810043', 200),
(3022, 'D031810044', 200),
(3023, 'D031810047', 200),
(3024, 'D031810054', 200),
(3025, 'D031810055', 200),
(3026, 'D031810059', 200),
(3027, 'D031810061', 200),
(3028, 'D031810063', 200),
(3029, 'D031810066', 200),
(3030, 'D031810068', 200),
(3031, 'D031810070', 200),
(3032, 'D031810071', 200),
(3033, 'D031810074', 200),
(3034, 'D031810077', 200),
(3035, 'D031810081', 200),
(3036, 'D031810083', 200),
(3037, 'D031810089', 200),
(3038, 'D031810090', 200),
(3039, 'D031810092', 200),
(3040, 'D031810094', 200),
(3041, 'D031810096', 200),
(3042, 'D031810097', 200),
(3043, 'D031810098', 200),
(3044, 'D031810102', 200),
(3045, 'D031810110', 200),
(3046, 'D031810112', 200),
(3047, 'D031810122', 200),
(3048, 'D031810124', 200),
(3049, 'D031810125', 200),
(3050, 'D031810126', 200),
(3051, 'D031810130', 200),
(3052, 'D031810132', 200),
(3053, 'D031810134', 200),
(3054, 'D031810135', 200),
(3055, 'D031810139', 200),
(3056, 'D031810146', 200),
(3057, 'D031810148', 200),
(3058, 'D031810154', 200),
(3059, 'D031810155', 200),
(3060, 'D031810158', 200),
(3061, 'D031810160', 200),
(3062, 'D031810162', 200),
(3063, 'D031810163', 200),
(3064, 'D031810165', 200),
(3065, 'D031810167', 200),
(3066, 'D031810169', 200),
(3067, 'D031810174', 200),
(3068, 'D031810177', 200),
(3069, 'D031810180', 200),
(3070, 'D031810181', 200),
(3071, 'D031810182', 200),
(3072, 'D031810188', 200),
(3073, 'D031810191', 200),
(3074, 'D031810192', 200),
(3075, 'D031810193', 200),
(3076, 'D031810200', 200),
(3077, 'D031810201', 200),
(3078, 'D031810205', 200),
(3079, 'D031810207', 200),
(3080, 'D031810209', 200),
(3081, 'D031810212', 200),
(3082, 'D031810213', 200),
(3083, 'D031810230', 200),
(3084, 'D031810231', 200),
(3085, 'D031810235', 200),
(3086, 'D031810237', 200),
(3087, 'D031810240', 200),
(3088, 'D031810241', 200),
(3089, 'D031810244', 200),
(3090, 'D031810245', 200),
(3091, 'D031810246', 200),
(3092, 'D031810249', 200),
(3093, 'D031810250', 200),
(3094, 'D031810252', 200),
(3095, 'D031810253', 200),
(3096, 'D031810255', 200),
(3097, 'D031810259', 200),
(3098, 'D031810261', 200),
(3099, 'D031810264', 200),
(3100, 'D031810270', 200),
(3101, 'D031810272', 200),
(3102, 'D031810273', 200),
(3103, 'D031810279', 200),
(3104, 'D031810287', 200),
(3105, 'D031810288', 200),
(3106, 'D031810290', 200),
(3107, 'D031810291', 200),
(3108, 'D031810292', 200),
(3109, 'D031810293', 200),
(3110, 'D031810294', 200),
(3111, 'D031810296', 200),
(3112, 'D031810306', 200),
(3113, 'D031810312', 200),
(3115, 'D031810314', 200),
(3116, 'D031810316', 200),
(3117, 'D031810318', 200),
(3118, 'D031810319', 200),
(3119, 'D031810321', 200),
(3120, 'D031810324', 200),
(3121, 'D031810325', 200),
(3122, 'D031810326', 200),
(3123, 'D031810327', 200),
(3124, 'D031810329', 200),
(3125, 'D031810330', 200),
(3126, 'D031810331', 200),
(3127, 'D031810332', 200),
(3128, 'D031810333', 200),
(3129, 'D031810334', 200),
(3130, 'D031810335', 200),
(3131, 'D031810337', 200),
(3132, 'D031810338', 200),
(3133, 'D031810339', 200),
(3134, 'D031810340', 200),
(3135, 'D031810341', 200),
(3136, 'D031810342', 200),
(3137, 'D031810344', 200),
(3138, 'D031810345', 200),
(3139, 'D031810347', 200),
(3140, 'D031810348', 200),
(3141, 'D031810349', 200),
(3142, 'D031810353', 200),
(3143, 'D031810354', 200),
(3144, 'D031810357', 200),
(3145, 'D031810358', 200),
(3146, 'D031810361', 200),
(3147, 'D031810362', 200),
(3148, 'D031810363', 200),
(3149, 'D031810364', 200),
(3150, 'D031810365', 200),
(3151, 'D031810366', 200),
(3152, 'D031810367', 200),
(3153, 'D031810368', 200),
(3154, 'D031810370', 200),
(3155, 'D031810371', 200),
(3156, 'D031810372', 200),
(3157, 'D031810373', 200),
(3158, 'D031810374', 200),
(3159, 'D031810376', 200),
(3160, 'D031810377', 200),
(3161, 'D031810378', 200),
(3162, 'D031810379', 200),
(3163, 'D031810380', 200),
(3164, 'D031810382', 200),
(3165, 'D031710001', 400),
(3166, 'D031710005', 400),
(3167, 'D031710012', 400),
(3168, 'D031710013', 400),
(3169, 'D031710014', 400),
(3170, 'D031710016', 400),
(3171, 'D031710019', 400),
(3172, 'D031710020', 400),
(3173, 'D031710024', 400),
(3174, 'D031710027', 400),
(3175, 'D031710033', 400),
(3176, 'D031710034', 400),
(3177, 'D031710035', 400),
(3178, 'D031710036', 400),
(3179, 'D031710037', 400),
(3180, 'D031710044', 400),
(3181, 'D031710046', 400),
(3182, 'D031710054', 400),
(3183, 'D031710060', 400),
(3184, 'D031710061', 400),
(3185, 'D031710063', 400),
(3186, 'D031710067', 400),
(3187, 'D031710070', 400),
(3188, 'D031710071', 400),
(3189, 'D031710073', 400),
(3190, 'D031710075', 400),
(3191, 'D031710080', 400),
(3192, 'D031710081', 400),
(3193, 'D031710085', 400),
(3194, 'D031710097', 400),
(3195, 'D031710098', 400),
(3196, 'D031710100', 400),
(3197, 'D031710102', 400),
(3198, 'D031710103', 400),
(3199, 'D031710112', 400),
(3200, 'D031710116', 400),
(3202, 'D031710119', 400),
(3203, 'D031710122', 400),
(3204, 'D031710126', 400),
(3205, 'D031710127', 400),
(3206, 'D031710128', 400),
(3207, 'D031710129', 400),
(3208, 'D031710133', 400),
(3209, 'D031710134', 400),
(3210, 'D031710135', 400),
(3211, 'D031710137', 400),
(3212, 'D031710138', 400),
(3213, 'D031710140', 400),
(3214, 'D031710143', 400),
(3215, 'D031710145', 400),
(3216, 'D031710149', 400),
(3217, 'D031710153', 400),
(3218, 'D031710154', 400),
(3219, 'D031710159', 400),
(3220, 'D031710161', 400),
(3221, 'D031710163', 400),
(3222, 'D031710164', 400),
(3223, 'D031710168', 400),
(3224, 'D031710170', 400),
(3225, 'D031710171', 400),
(3226, 'D031710173', 400),
(3227, 'D031710177', 400),
(3228, 'D031710183', 400),
(3229, 'D031710184', 400),
(3230, 'D031710193', 400),
(3231, 'D031710195', 400),
(3232, 'D031710198', 400),
(3233, 'D031710199', 400),
(3234, 'D031710200', 400),
(3235, 'D031710201', 400),
(3236, 'D031710204', 400),
(3237, 'D031710206', 400),
(3238, 'D031710207', 400),
(3239, 'D031710210', 400),
(3240, 'D031710211', 400),
(3241, 'D031710230', 400),
(3242, 'D031710233', 400),
(3243, 'D031710237', 400),
(3244, 'D031710238', 400),
(3245, 'D031710239', 400),
(3246, 'D031710247', 400),
(3247, 'D031710250', 400),
(3248, 'D031710253', 400),
(3249, 'D031710260', 400),
(3250, 'D031710263', 400),
(3251, 'D031710264', 400),
(3252, 'D031710265', 400),
(3253, 'D031710266', 400),
(3254, 'D031710267', 400),
(3255, 'D031710268', 400),
(3256, 'D031710269', 400),
(3257, 'D031710270', 400),
(3258, 'D031710271', 400),
(3259, 'D031710274', 400),
(3260, 'D031710276', 400),
(3261, 'D031710277', 400),
(3262, 'D031710279', 400),
(3263, 'D031710280', 400),
(3264, 'D031710282', 400),
(3265, 'D031710284', 400),
(3266, 'D031710285', 400),
(3267, 'D031710286', 400),
(3268, 'D031710287', 400),
(3269, 'D031710288', 400),
(3270, 'D031710289', 400),
(3271, 'D031710293', 400),
(3272, 'D031710295', 400),
(3273, 'D031710297', 400),
(3274, 'D031710298', 400),
(3275, 'D031710301', 400),
(3276, 'D031710303', 400),
(3277, 'D031710310', 400),
(3278, 'D031710311', 400),
(3279, 'D031710313', 400),
(3280, 'D031710314', 400),
(3281, 'D031710315', 400),
(3282, 'D031710317', 400),
(3283, 'D031710319', 400),
(3284, 'D031710320', 400),
(3285, 'D031710321', 400),
(3286, 'D031710322', 400),
(3287, 'D031710325', 400),
(3288, 'D031710326', 400),
(3289, 'D031710327', 400),
(3290, 'D031710328', 400),
(3291, 'D031710329', 400),
(3292, 'D031710330', 400),
(3293, 'D031710331', 400),
(3294, 'D031710332', 400),
(3295, 'D031710333', 400),
(3296, 'D031710334', 400),
(3297, 'B031810999', 400),
(3298, 'B031820101', 100),
(3299, 'B031820479', 100),
(3300, 'B031810001', 200),
(3301, 'B031810094', 200),
(3302, 'B031810180', 200),
(3303, 'B031810187', 200),
(3304, 'B031810190', 200),
(3305, 'B031810207', 200),
(3306, 'B031810216', 200),
(3307, 'B031810217', 200),
(3308, 'B031810240', 200),
(3309, 'B031810244', 200),
(3310, 'B031810262', 200),
(3311, 'B031810264', 200),
(3312, 'B031810270', 200),
(3313, 'B031810271', 200),
(3314, 'B031810275', 200),
(3315, 'B031810298', 200),
(3316, 'B031810307', 200),
(3317, 'B031810309', 200),
(3318, 'B031810327', 200),
(3319, 'B031810343', 200),
(3320, 'B031810385', 200),
(3321, 'B031810387', 200),
(3322, 'B031810394', 200),
(3323, 'B031810402', 200),
(3324, 'B031810434', 200),
(3325, 'B031810441', 200),
(3326, 'B031820032', 200),
(3327, 'B031810014', 300),
(3328, 'B031810015', 300),
(3329, 'B031810040', 300),
(3330, 'B031810138', 300),
(3331, 'B031820012', 300),
(3332, 'B031820016', 300),
(3333, 'B031820019', 300),
(3334, 'B031820030', 300),
(3335, 'B031820036', 300),
(3336, 'B031820042', 300),
(3337, 'B031820045', 300),
(3338, 'B031820071', 300),
(3339, 'B031820072', 300),
(3340, 'B031820077', 300),
(3341, 'B031820082', 300),
(3342, 'B031820085', 300),
(3343, 'B031820086', 300),
(3344, 'B031820090', 300),
(3345, 'B031710006', 400),
(3346, 'B031710032', 400),
(3347, 'B031710146', 400),
(3348, 'B031710150', 400),
(3349, 'B031710159', 400),
(3350, 'B031710163', 400),
(3351, 'B031710179', 400),
(3352, 'B031710180', 400),
(3353, 'B031710190', 400),
(3354, 'B031710209', 400),
(3355, 'B031710214', 400),
(3356, 'B031710219', 400),
(3357, 'B031710230', 400),
(3358, 'B031710233', 400),
(3359, 'B031710246', 400),
(3360, 'B031710249', 400),
(3361, 'B031710253', 400),
(3362, 'B031710255', 400),
(3363, 'B031710257', 400),
(3364, 'B031710264', 400),
(3365, 'B031710270', 400),
(3366, 'B031710274', 400),
(3367, 'B031710285', 400),
(3368, 'B031710297', 400),
(3369, 'B031710310', 400),
(3371, 'B031710341', 400),
(3372, 'B031710372', 400),
(3373, 'B031710377', 400),
(3374, 'B031710379', 400),
(3375, 'B031710386', 400),
(3376, 'B031710398', 400),
(3377, 'B031710430', 400),
(3378, 'B031810028', 400),
(3379, 'B031810104', 400),
(3380, 'B031810121', 400),
(3381, 'B031810395', 400),
(3433, 'B031890999', 400);

-- --------------------------------------------------------

--
-- Table structure for table `student`
--

CREATE TABLE `student` (
  `noMatric` varchar(255) NOT NULL,
  `studentName` varchar(255) DEFAULT NULL,
  `yearGroup` varchar(255) DEFAULT NULL,
  `cohortID` int(11) DEFAULT NULL,
  `courseCode` varchar(255) NOT NULL
) ENGINE=InnoDB DEFAULT CHARSET=latin1;

--
-- Dumping data for table `student`
--

INSERT INTO `student` (`noMatric`, `studentName`, `yearGroup`, `cohortID`, `courseCode`) VALUES
('B031610146', 'SITI AISAH BINTI HAMIS', 'S1G1', 3, 'BITE'),
('B031710001', 'SITI SOFIA BINTI SHUKOR', 'S2G1', 2, 'BITS'),
('B031710005', 'AKMAL NAQUIDDIN BIN ISMAIL', 'S2G2', 2, 'BITC'),
('B031710006', 'ELLYNA BINTI DANIAL FAIZAL CHEE', 'S2G2', 2, 'BITZ'),
('B031710007', 'MOHAMAD DARWISH BIN MOHAMAD ALWAN', 'S2G1', 2, 'BITS'),
('B031710009', 'FATIN NURAINNA BINTI BADRUL AZMAN', 'S2G1', 2, 'BITM'),
('B031710012', 'AMEER UZAIR BIN AZAM', 'S2G1', 2, 'BITS'),
('B031710016', 'MUHAMMAD AJWAD IZDIHAR BIN KAMARULZAMAN', 'S2G2', 2, 'BITM'),
('B031710017', 'NOR ASIKIN BINTI JOHAN', 'S2G2', 2, 'BITM'),
('B031710018', 'MARK JEDIDAIAH RAJ A/L NELSON RAJ', 'S2G1', 2, 'BITI'),
('B031710022', 'SYAHRIN FANDI BIN RAZALI', 'S2G1', 2, 'BITC'),
('B031710025', 'NIRESHA A/P ARUMUGAM', 'S2G2', 2, 'BITC'),
('B031710026', 'NUR FARZEERA BINTI ZAIDI', 'S2G2', 2, 'BITM'),
('B031710028', 'SHAHRULNEEZAM BIN MADALAN', 'S2G2', 2, 'BITI'),
('B031710030', 'MUHAMMAD NUR IMAN BIN KHARIMAN', 'S2G2', 2, 'BITC'),
('B031710031', 'FATIN NUR NAJIHAH BINTI JASMI', 'S2G1', 2, 'BITM'),
('B031710032', 'FARZLI YUSRI BIN OTHMAN', 'S2G1', 2, 'BITZ'),
('B031710035', 'AMIN RUSYAIDI BIN ROSELAN', 'S2G1', 2, 'BITE'),
('B031710037', 'MUHAMAD SHOLEHIN BIN RAHMAT', 'S2G2', 2, 'BITC'),
('B031710042', 'MUHAMMAD FAIZ BIN RAMLI', 'S2G2', 2, 'BITD'),
('B031710045', 'MUHAMMAD KAMARULZAMAN BIN MOHD AZLI', 'S2G1', 2, 'BITE'),
('B031710047', 'SIEW JOHNNIE', 'S2G1', 2, 'BITS'),
('B031710049', 'MEGAT MUAZAM BIN MEGAT THARIH AFENDI', 'S2G2', 2, 'BITC'),
('B031710051', 'MUHAMMAD SYAFIQ BIN SAMSURI', 'S2G2', 2, 'BITC'),
('B031710052', 'MOHD RIDZUAN BIN MOHD AMIN', 'S2G1', 2, 'BITC'),
('B031710053', 'NUR ALIA FARHANA BINTI HAMZAH', 'S2G1', 2, 'BITC'),
('B031710054', 'KHUFADZLEY BIN SAMSUDIN SURENDRAN', 'S2G2', 2, 'BITC'),
('B031710055', 'SHUARNA A/P CHANDRA SAGRA', 'S2G2', 2, 'BITC'),
('B031710056', 'VIKNESWARAN A/L SUBRAMANIAM', 'S2G1', 2, 'BITC'),
('B031710061', 'NOOR SHUHADA BINTI ABDULLAH', 'S2G1', 2, 'BITS'),
('B031710063', 'MUHAMMAD FAHMY AKMAL BIN ZAMRI', 'S2G2', 2, 'BITS'),
('B031710064', 'MOHAMAD FIQHREEL EIZIQ BIN ISMAIL', 'S2G2', 2, 'BITC'),
('B031710065', 'MUHAMMAD IZZUDDIN BIN SAIDIN', 'S2G1', 2, 'BITC'),
('B031710069', 'MUHAMMAD NADZRI BIN HAMZAH', 'S2G1', 2, 'BITS'),
('B031710074', 'WAN MOHD ASYRAF BIN WAN ZAWAWI', 'S2G2', 2, 'BITD'),
('B031710079', 'NOOR ASIAH BT MAMAT', 'S2G2', 2, 'BITD'),
('B031710082', 'MASHIDAYU HAJAR BINTI MOHMAD MUSTAFA', 'S2G1', 2, 'BITC'),
('B031710083', 'MOHAMED AZFAR BIN MOHAMED TAHIR', 'S2G1', 2, 'BITE'),
('B031710091', 'KONG PUI BOON', 'S2G1', 2, 'BITE'),
('B031710100', 'MOHD ALIAS BIN SALMAN', 'S2G2', 2, 'BITC'),
('B031710117', 'MUNIRAH BINTI MAJID', 'S2G2', 2, 'BITM'),
('B031710122', 'NUR AIN BINTI MOHAMAD YAHAYA', 'S2G1', 2, 'BITE'),
('B031710131', 'NUR FARHANAH BINTI MOHD AAZAHAL', 'S2G1', 2, 'BITM'),
('B031710134', 'NUR NABILAH SYAKILA BINTI NORUDDIN', 'S2G2', 2, 'BITM'),
('B031710139', 'KGHEETHANJALY A/P KATHIRESAN', 'S2G1', 2, 'BITC'),
('B031710144', 'AINALL YAQEEN DAKHIRIN BINTI ZAINAL', 'S2G2', 2, 'BITD'),
('B031710145', 'NUR AQILAH QASRINA BINTI ZAKEY', 'S2G2', 2, 'BITD'),
('B031710146', 'LEE QIAO WEI', 'S2G1', 2, 'BITZ'),
('B031710147', 'AISHAH DHABITAH BINTI NOR AZMAN', 'S2G1', 2, 'BITE'),
('B031710148', 'TAN XI NING', 'S2G1', 2, 'BITI'),
('B031710149', 'TAN SHAY CHING', 'S2G2', 2, 'BITM'),
('B031710150', 'CHONG POH THENG', 'S2G2', 2, 'BITZ'),
('B031710151', 'NG ZHEN HAO', 'S2G1', 2, 'BITS'),
('B031710152', 'NUR HAZIRAH BINTI MOHD SHABRI', 'S2G1', 2, 'BITD'),
('B031710153', 'WONG SEE WEI', 'S2G2', 2, 'BITI'),
('B031710155', 'DING CHIU SIN', 'S2G2', 2, 'BITC'),
('B031710156', 'MOHAMMAD FAJRUL AMEERUL BIN ABD. AZIZ', 'S2G1', 2, 'BITC'),
('B031710157', 'LOH JUN WEN', 'S2G1', 2, 'BITI'),
('B031710158', 'NUR AIN BINTI MOHAMAD NAWAWI', 'S2G2', 2, 'BITD'),
('B031710159', 'CHENG XIAO HUAN', 'S2G2', 2, 'BITZ'),
('B031710160', 'NUR LIYANA SYAFIQAH BINTI MOHD ROSLAN', 'S2G1', 2, 'BITS'),
('B031710161', 'AQILAH BINTI ABDUL KHODIR', 'S2G1', 2, 'BITD'),
('B031710163', 'NEW YEE JIAN', 'S2G2', 2, 'BITZ'),
('B031710164', 'CHENG HUI JING', 'S2G1', 2, 'BITC'),
('B031710165', 'NUR HANIS NAJIHA BINTI MD YUSOF', 'S2G1', 2, 'BITD'),
('B031710166', 'EDDY JEFRI SHAH BIN AZIZAN', 'S2G2', 2, 'BITD'),
('B031710168', 'YEAP ZHI HERN', 'S2G1', 2, 'BITI'),
('B031710169', 'CHEONG HAN JIE', 'S2G2', 2, 'BITI'),
('B031710170', 'TOH JING WEI', 'S2G2', 2, 'BITS'),
('B031710171', 'ANG XUE TING', 'S2G1', 2, 'BITC'),
('B031710172', 'NURUL FATIHA NABILA BINTI MOHD ALIAS', 'S2G1', 2, 'BITE'),
('B031710173', 'SOH YUAN FU', 'S2G1', 2, 'BITC'),
('B031710174', 'SOW CHEN WEI', 'S2G2', 2, 'BITI'),
('B031710176', 'HAZIQ SALIHIN BIN MOHD MUKHLIKH', 'S2G2', 2, 'BITM'),
('B031710177', 'PUA SI YING', 'S2G1', 2, 'BITI'),
('B031710178', 'CHIN ZHEN YU', 'S2G1', 2, 'BITS'),
('B031710179', 'ONG SHI TENG', 'S2G2', 2, 'BITZ'),
('B031710180', 'LIM ZHENG YUAN', 'S2G2', 2, 'BITZ'),
('B031710181', 'SIE KER CHING', 'S2G1', 2, 'BITS'),
('B031710184', 'CHIN CHUN KEAT', 'S2G1', 2, 'BITI'),
('B031710185', 'MUHAMMAD KHALISH DANIL BIN MOHD KHAIRI', 'S2G2', 2, 'BITS'),
('B031710186', 'AHMAD FAISAL BIN MOHD SALLEH', 'S2G2', 2, 'BITM'),
('B031710187', 'LEE JIE YEE', 'S2G1', 2, 'BITM'),
('B031710188', 'LIM SHYE CHERN', 'S2G1', 2, 'BITS'),
('B031710189', 'PHUA SHENG KAI', 'S2G2', 2, 'BITM'),
('B031710190', 'MUHAMMAD HAZIQ BIN MEHAT', 'S2G2', 2, 'BITZ'),
('B031710191', 'LOONG SEH WAN', 'S2G1', 2, 'BITI'),
('B031710192', 'LAI ZI WEI', 'S2G1', 2, 'BITI'),
('B031710193', 'TOH PIN JIA', 'S2G2', 2, 'BITI'),
('B031710194', 'HONG ZHEN YUE', 'S2G2', 2, 'BITI'),
('B031710195', 'HO JIA JIN', 'S2G1', 2, 'BITI'),
('B031710196', 'TEH ZI WEI', 'S2G1', 2, 'BITM'),
('B031710197', 'NOR ZAFIRAH BINTI MOHD YUSOF', 'S2G2', 2, 'BITS'),
('B031710198', 'NUR RASYIDAH BINTI SIDEK', 'S2G2', 2, 'BITM'),
('B031710199', 'LOO PUI SHAN', 'S2G1', 2, 'BITD'),
('B031710200', 'HANI SURAYA BINTI AHMAD BUKHARI', 'S2G1', 2, 'BITI'),
('B031710201', 'LYE CASEY', 'S2G2', 2, 'BITC'),
('B031710203', 'FATIN HUSNA BINTI AZHAR', 'S2G2', 2, 'BITS'),
('B031710204', 'SERI ATHIRAH BINTI NORAZLI', 'S2G1', 2, 'BITD'),
('B031710205', 'SITI NORSHAHIRA BINTI YUSSAIMI', 'S2G1', 2, 'BITD'),
('B031710206', 'CHEN KAR YEAN', 'S2G2', 2, 'BITD'),
('B031710208', 'SITI NURLIZA BINTI YUSAINI', 'S2G2', 2, 'BITS'),
('B031710209', 'PEH GENG YU', 'S2G1', 2, 'BITZ'),
('B031710210', 'TAN LENG YEE', 'S2G1', 2, 'BITI'),
('B031710211', 'SOH JAVID', 'S2G2', 2, 'BITI'),
('B031710213', 'LEONG XIN YI', 'S2G2', 2, 'BITM'),
('B031710214', 'MUHAMAD KHAIRIL HAZNUR BIN MD HARULLAH', 'S2G1', 2, 'BITZ'),
('B031710215', 'NUR HAZIRAH BINTI HASHIM', 'S2G1', 2, 'BITD'),
('B031710218', 'NURAIN SHAHIRAH BINTI MOHD ROSLI', 'S2G1', 2, 'BITC'),
('B031710219', 'NUR FAQIHAH BINTI MOHAMAD HAZIZ', 'S2G2', 2, 'BITZ'),
('B031710220', 'AINA NUR HANISAH BINTI MOHD YUSOFF', 'S2G2', 2, 'BITS'),
('B031710221', 'NUR ARDINA AIN BINTI ABD RAOFF', 'S2G1', 2, 'BITC'),
('B031710222', 'ARIFF FAIZZUAN BIN ABD RAHIM', 'S2G1', 2, 'BITE'),
('B031710224', 'UMMU BALQIS BINTI SHAMSUDIN', 'S2G1', 2, 'BITS'),
('B031710225', 'SITI NOR ATHIRAH BINTI ROSDAM', 'S2G2', 2, 'BITM'),
('B031710226', 'NOR ADILA BINTI SHUID', 'S2G2', 2, 'BITS'),
('B031710227', 'NUR AINUN AMIRAH BINTI MOHAMAD AZHAR', 'S2G1', 2, 'BITD'),
('B031710228', 'MUHAMMAD ALIFF ZIKRY BIN SAIDON', 'S2G1', 2, 'BITI'),
('B031710229', 'SARAH NABILA BINTI SAZALE', 'S2G2', 2, 'BITM'),
('B031710230', 'NURHASEENA BINTI MOHAMMED SALLEH', 'S2G1', 2, 'BITZ'),
('B031710232', 'MUHAMMAD AZMI BIN MOHD LUTPI', 'S2G1', 2, 'BITC'),
('B031710233', 'NURUL SYAZANA BINTI ISHAK', 'S2G2', 2, 'BITZ'),
('B031710234', 'NURAISHAH BINTI ZAINAL ABIDIN', 'S2G2', 2, 'BITS'),
('B031710235', 'NURNADHIRAH BINTI DRIS', 'S2G1', 2, 'BITD'),
('B031710236', 'MUHAMMAD NAQIB BIN MD SAUFI', 'S2G1', 2, 'BITE'),
('B031710237', 'RAJA MUHAMMAD HAZIQUE BIN RAJA KAMAL AZMI', 'S2G2', 2, 'BITI'),
('B031710238', 'MOHAMAD SUHAIL BIN MOHD RASID', 'S2G1', 2, 'BITE'),
('B031710239', 'MUHAMMAD IZZAT SYAKIR BIN AHMAD ROSDI', 'S2G2', 2, 'BITC'),
('B031710240', 'NURUL FALAHI IWANI BINTI MOHAMAD NOOR', 'S2G2', 2, 'BITS'),
('B031710242', 'AINA MIZANINA BINTI ATAN JASNI', 'S2G1', 2, 'BITD'),
('B031710243', 'MAISARAH BINTI NORMAN', 'S2G1', 2, 'BITI'),
('B031710244', 'NOR KASMADIANA BINTI MOHD KORI', 'S2G2', 2, 'BITC'),
('B031710245', 'EMYLIA NATASHA BINTI ZAWAEE', 'S2G2', 2, 'BITS'),
('B031710246', 'NUR ERLISSA FARRYSHA BINTI MOHD KHAIRUDDIN', 'S2G1', 2, 'BITZ'),
('B031710247', 'SARAH NUR IRDINA BINTI ROZAIZEE', 'S2G1', 2, 'BITD'),
('B031710248', 'FATIN SYAZREEN BINTI MOHD SHUAYLI', 'S2G2', 2, 'BITS'),
('B031710249', 'AFIQ IZZUDDIN BIN ZANIZAN', 'S2G2', 2, 'BITZ'),
('B031710252', 'MOGANA VADHNA A/P SUNTRAKUMAR', 'S2G1', 2, 'BITI'),
('B031710253', 'NURUL AFIQAH BINTI MAT RIFIN', 'S2G1', 2, 'BITZ'),
('B031710254', 'NUR QHURRATUL AINI DAMIA BINTI DARAMAN', 'S2G2', 2, 'BITI'),
('B031710255', 'NUR FAZLIANA BINTI RUSLAN', 'S2G2', 2, 'BITZ'),
('B031710256', 'NURAFIQAH SYUHAIDA BINTI KHAIROLOMAR', 'S2G1', 2, 'BITC'),
('B031710257', 'PAVITHIRA A/P VASU', 'S2G1', 2, 'BITZ'),
('B031710258', 'MOHAMAD SYAFIQ BIN ROSMAN', 'S2G2', 2, 'BITC'),
('B031710259', 'NUR AQILAH ZAFIRAH BINTI SHAIFUZI', 'S2G2', 2, 'BITD'),
('B031710260', 'WAN NUR WAHIDA BINTI WAN ISMAIL', 'S2G1', 2, 'BITD'),
('B031710261', 'ARFAH AINA BINTI MAT JIZI', 'S2G1', 2, 'BITD'),
('B031710263', 'AMIRUL NUR IMAN BIN AMIRUDDIN', 'S2G1', 2, 'BITE'),
('B031710264', 'MUHAMMAD ZIQRIE BIN MUSTAFFA', 'S2G2', 2, 'BITZ'),
('B031710265', 'FATIN NAZIRAH BINTI ZULKEFLI', 'S2G2', 2, 'BITS'),
('B031710266', 'FATIN NAZURAH BINTI ZULKEFLI', 'S2G1', 2, 'BITS'),
('B031710267', 'MUHAMAD NUR AIMAN BIN AZMAN', 'S2G1', 2, 'BITI'),
('B031710268', 'MUHAMMAD RAIHAN BIN RUSLAN', 'S2G2', 2, 'BITC'),
('B031710270', 'NUR FARAH SYAFIQAH BINTI MOHD SHABRRI', 'S2G2', 2, 'BITZ'),
('B031710272', 'MUHAMMAD AKMAL BIN ADNAN', 'S2G2', 2, 'BITI'),
('B031710273', 'ABDUL FATAH BIN BAHARUDDIN', 'S2G1', 2, 'BITS'),
('B031710274', 'RUSYAIDI AFANDI BIN MOHAMAD ALIAS', 'S2G1', 2, 'BITZ'),
('B031710275', 'MUHD NAZMI BIN SHAMSUL BAHRI', 'S2G1', 2, 'BITE'),
('B031710276', 'MIZA SYAHIRAH BINTI IBRAHIM', 'S2G2', 2, 'BITD'),
('B031710277', 'NUR ATHIRA SYAFIKA BINTI ABDUL AZIZ', 'S2G2', 2, 'BITD'),
('B031710278', 'MOHD FARID WAJDI BIN MOHD MARZUKI', 'S2G1', 2, 'BITC'),
('B031710279', 'MOHAMMAD AL HAKIEM BIN MOHD HEMLY', 'S2G1', 2, 'BITE'),
('B031710280', 'NURUL SYAHEEDA BINTI AHMAD FAIRUZ', 'S2G2', 2, 'BITM'),
('B031710281', 'NURUL FATIHAH BINTI ZAMRI', 'S2G2', 2, 'BITI'),
('B031710282', 'NUR AMIRAH BINTI ZULKIPLI', 'S2G1', 2, 'BITC'),
('B031710284', 'NUR IMAN ASYRAF BIN ZULKIFLI', 'S2G1', 2, 'BITI'),
('B031710285', 'NURUL JANNAH BINTI ZAMRY', 'S2G2', 2, 'BITZ'),
('B031710286', 'MUHAMMAD WAFIYUDDIN BIN ROHANIZAM', 'S2G2', 2, 'BITS'),
('B031710287', 'ASILAHTUL AFRINA BINTI SAMSUDIN', 'S2G1', 2, 'BITC'),
('B031710288', 'CHE SUHAIZA BINTI CHE LODDIN', 'S2G1', 2, 'BITM'),
('B031710290', 'HAFIZ SOLIHIN AR-ROSMANI', 'S2G2', 2, 'BITM'),
('B031710291', 'SITI NUR FARISHA BINTI ARIFFIN', 'S2G2', 2, 'BITD'),
('B031710292', 'NURUL IZZATY SYAFIQAH BINTI MOHD RAMDZAN', 'S2G1', 2, 'BITM'),
('B031710293', 'AHMAD NUR AMIN BIN ISMAIL', 'S2G1', 2, 'BITD'),
('B031710294', 'NURUL AISYAH NADIRA BINTI NORIZAN', 'S2G2', 2, 'BITD'),
('B031710296', 'SITI NURSYUHADA BINTI HUSNI', 'S2G1', 2, 'BITM'),
('B031710297', 'ZAHRUL ULUM BIN NURHUDAWI', 'S2G1', 2, 'BITZ'),
('B031710299', 'AMIRAH ATHIRAH BINTI JEFFNI', 'S2G2', 2, 'BITM'),
('B031710300', 'NUR IWANI NADIRA BINTI KAMA', 'S2G2', 2, 'BITD'),
('B031710301', 'NUR ALIAH BINTI MOHD NAZRI', 'S2G2', 2, 'BITS'),
('B031710302', 'NURUL LIYANA NAZURAH BINTI AHMAD FIKRI', 'S2G2', 2, 'BITM'),
('B031710303', 'SHAZANA BINTI MOHAMMED AFFANDI', 'S2G1', 2, 'BITI'),
('B031710304', 'MOHAMMAD NAZRUL RAHIMI BIN RAMLAN', 'S2G1', 2, 'BITC'),
('B031710305', 'SHARIFAH NURSHAHIRA BINTI SYED ABD RAZAK', 'S2G1', 2, 'BITE'),
('B031710306', 'RAJA NURUL ASYIKIN BINTI RAJA MOHD ISKANDAR', 'S2G2', 2, 'BITS'),
('B031710307', 'SUTHAVORN A/L SU FAT', 'S2G1', 2, 'BITE'),
('B031710308', 'NURFIRZANAH BINTI AZEMI', 'S2G2', 2, 'BITS'),
('B031710309', 'NURAIN FATIHAH BINTI JAMALUDDIN', 'S2G2', 2, 'BITM'),
('B031710310', 'MUHAMMAD AZRULHADI FIKRULLAH BIN SHAHRUL IBNUL WALID', 'S2G1', 2, 'BITZ'),
('B031710311', 'MASTURINA BINTI MAZELAN', 'S2G1', 2, 'BITS'),
('B031710312', 'YOGA THARSHINI A/P PANJA SEIYAM', 'S2G1', 2, 'BITD'),
('B031710313', 'WAN NUR FADHILAH MADIHAH BINTI WAN MAHUSAIN', 'S2G2', 2, 'BITM'),
('B031710314', 'NURUL AIN NABILAH BINTI AMRAN', 'S2G1', 2, 'BITE'),
('B031710315', 'NURUL SHUHADA BINTI ROSLAN', 'S2G2', 2, 'BITC'),
('B031710316', 'MUHAMMAD WALIUDDIN BIN MOHD YUSOF', 'S2G1', 2, 'BITE'),
('B031710317', 'DINENTHIRAN A/L GENGATHARAN', 'S2G1', 2, 'BITE'),
('B031710318', 'MUHAMAD FARIQ BIN MOHD SAKRI', 'S2G1', 2, 'BITS'),
('B031710319', 'NABILAH `AFIFAH BINTI MOHD FEKERI', 'S2G2', 2, 'BITS'),
('B031710320', 'NOOR SYAZANA ATIQAH BINTI ABD RASHID', 'S2G1', 2, 'BITC'),
('B031710321', 'MUHAMMAD AZIZI BIN YAAPAR', 'S2G2', 2, 'BITS'),
('B031710322', 'NUR NAZIRAH HANIM BINTI MOHD NASIR', 'S2G1', 2, 'BITM'),
('B031710324', 'MUHAMMAD ASYRAAF BIN MOHD YUSOF', 'S2G1', 2, 'BITC'),
('B031710325', 'MEGAT MUHAMMAD FIRDAUS BIN SAHRIR', 'S2G1', 2, 'BITC'),
('B031710326', 'NORSYAKIRAH BINTI MOHD RASID', 'S2G2', 2, 'BITI'),
('B031710327', 'MUHAMMAD HAFIZ BIN JAFRI', 'S2G1', 2, 'BITS'),
('B031710328', 'FARID ZAKWAN BIN NOORUL ANHAR', 'S2G2', 2, 'BITC'),
('B031710329', 'MUHAMAD AKHIRNUDIN BIN CHE OMAR', 'S2G1', 2, 'BITE'),
('B031710330', 'AISYAH NASIHAH BINTI MOHD KHALID', 'S2G1', 2, 'BITD'),
('B031710331', 'NUR AMELIA WAHIDA BINTI MOHD SABBERI', 'S2G2', 2, 'BITD'),
('B031710332', 'AHMAD SUHAIMI BIN MASRI', 'S2G1', 2, 'BITM'),
('B031710333', 'NURAIN HUSNA BINTI MURYONO', 'S2G2', 2, 'BITD'),
('B031710334', 'NURUL ATHIRAH BINTI MOHD ZAINI', 'S2G1', 2, 'BITI'),
('B031710335', 'UMMI ASYIKIN BINTI SOKERI', 'S2G2', 2, 'BITC'),
('B031710336', 'FAIQ IZAAN BIN MOHD ZAMRI', 'S2G1', 2, 'BITS'),
('B031710338', 'NURUL NADZIRAH BINTI AZHAR', 'S2G1', 2, 'BITC'),
('B031710339', 'HAZQEEL AFYQ ATHAILLAH BIN KAMARUL ARYFFIN', 'S2G2', 2, 'BITI'),
('B031710340', 'MUHAMMAD AL-AZIM BIN ABDUL MALEK', 'S2G1', 2, 'BITS'),
('B031710341', 'AMMAR AFIQ BIN SHAHRUL AZMAN', 'S2G2', 2, 'BITZ'),
('B031710342', 'NURHANNANI AFIQAH BINTI MOHAMAD RADZI', 'S2G1', 2, 'BITS'),
('B031710343', 'MUHAMMAD AZLEE BIN AHMAD MAS DALI', 'S2G2', 2, 'BITI'),
('B031710344', 'SYAZATUL AINA NUR SYAHIRA BINTI ABD AZIZ', 'S2G1', 2, 'BITD'),
('B031710346', 'TENGKU AMIRUDDIN BIN TENGKU ABD WASA', 'S2G2', 2, 'BITS'),
('B031710347', 'AMIRAH BARIEAH BINTI AMRAN', 'S2G1', 2, 'BITM'),
('B031710348', 'MUHAMMAD ADLI BIN IBRAHIM', 'S2G2', 2, 'BITS'),
('B031710349', 'MOHAMMAD AKID BIN BAHRIN', 'S2G1', 2, 'BITI'),
('B031710350', 'MUHAMMAD FAIZ BIN MOHAMED NOR', 'S2G2', 2, 'BITC'),
('B031710351', 'NURUL AIN NABILA BINTI MOHAMAD SHUKRI', 'S2G1', 2, 'BITC'),
('B031710352', 'SHARMIN NAZIRA BINTI ABDULLAH', 'S2G2', 2, 'BITD'),
('B031710353', 'MOHAMMAD HARRIZ DANIAL BIN AB RAZAK', 'S2G1', 2, 'BITC'),
('B031710354', 'SITI NUR ASIYAH BINTI ZUKFILY', 'S2G2', 2, 'BITI'),
('B031710355', 'AFIFAH BINTI KAMSIN', 'S2G1', 2, 'BITM'),
('B031710356', 'NUR SYAZREEN BINTI MD KHUSAINI', 'S2G2', 2, 'BITM'),
('B031710357', 'ANIS FARISHA BINTI AZIRA', 'S2G1', 2, 'BITC'),
('B031710358', 'ANIS SHAZWANI BINTI PIAEE', 'S2G2', 2, 'BITM'),
('B031710359', 'NOR IZZATI BINTI AHMAD FAUZI', 'S2G1', 2, 'BITS'),
('B031710360', 'AIN HUMAIRAH BINTI AMRAN', 'S2G2', 2, 'BITM'),
('B031710361', 'MUHAMAD AIMAN FARHAN BIN NORZELAN', 'S2G1', 2, 'BITE'),
('B031710362', 'ILI UMAIRAH BINTI MOHD SALLEH', 'S2G1', 2, 'BITM'),
('B031710363', 'NURUL HAZIRAH BINTI ABDUL HARIS', 'S2G2', 2, 'BITD'),
('B031710365', 'NORANIYAH SYAHIRAH BINTI MUHAMAD', 'S2G1', 2, 'BITE'),
('B031710366', 'NOOR AMELIA BINTI MOHD NOOR', 'S2G2', 2, 'BITM'),
('B031710367', 'AZMI BIN ABD GHANI', 'S2G1', 2, 'BITE'),
('B031710368', 'FARAH IZZATI BINTI SHAHANIZAM', 'S2G1', 2, 'BITD'),
('B031710369', 'MUSTAQIM BIN MUSTAFA', 'S2G1', 2, 'BITC'),
('B031710370', 'NUR NAJWA SYAZWANI BINTI AHMAD KAMAL ARIFFIN', 'S2G2', 2, 'BITM'),
('B031710371', 'AIMAN HAFIZI BIN HARME', 'S2G1', 2, 'BITI'),
('B031710372', 'SOFEAH BINTI MOHD NAZIR', 'S2G2', 2, 'BITZ'),
('B031710373', 'ARIFF ISKANDAR ZULKARNAIN BIN NORMAN', 'S2G1', 2, 'BITE'),
('B031710375', 'NOORIN NASRINA BINTI RUSAN', 'S2G1', 2, 'BITM'),
('B031710376', 'MUHAMMAD AFIQ FADHLI BIN AHMAD AFANDI', 'S2G2', 2, 'BITD'),
('B031710377', 'NUR HAFIZAH BINTI MATASSAN', 'S2G1', 2, 'BITZ'),
('B031710378', 'NURUL NAZIRA BINTI M BAKAR', 'S2G2', 2, 'BITM'),
('B031710379', 'NURUL QURRATU AIN NABILAH BINTI ROS MADI', 'S2G1', 2, 'BITZ'),
('B031710380', 'NUR HIDAYAH BINTI CHE JUSOH', 'S2G1', 2, 'BITM'),
('B031710381', 'MAZIAH BINTI ZULKEPLI', 'S2G2', 2, 'BITD'),
('B031710382', 'MUHAMMAD SUFI TAQIUDDIN BIN MOHD HAMDAN', 'S2G1', 2, 'BITC'),
('B031710383', 'AINUL AFIAH BINTI NOR AZNAN', 'S2G2', 2, 'BITS'),
('B031710384', 'MUHAMMAD NAFIZ BIN ZAILAN', 'S2G1', 2, 'BITE'),
('B031710385', 'MUHAMMAD SOFIYYULLAH BIN HASHIM', 'S2G1', 2, 'BITI'),
('B031710386', 'NURUL ZAHIDA BINTI ZAHARI', 'S2G2', 2, 'BITZ'),
('B031710387', 'NUR ALYA SYAHIRAH BT MUZAINI', 'S2G1', 2, 'BITM'),
('B031710389', 'MUHAMMAD FIRDAUS BIN NORFADZLON', 'S2G2', 2, 'BITS'),
('B031710391', 'HARIZ TAQIUDDIN BIN RAHIM', 'S2G1', 2, 'BITI'),
('B031710393', 'MOHAMAD FAKHRI ANAS BIN ABDULLAH', 'S2G2', 2, 'BITC'),
('B031710394', 'FAKHRURAZI BIN ROSMAL', 'S2G1', 2, 'BITC'),
('B031710396', 'NURUL AMIRA BINTI SHAMSUDIN', 'S2G2', 2, 'BITS'),
('B031710397', 'AMMAR BIN JAMALUDIN', 'S2G1', 2, 'BITS'),
('B031710398', 'IZATUL NAZMIN BINTI KAMARAZAMAN', 'S2G2', 2, 'BITZ'),
('B031710406', 'DANISH ISKANDAR BIN ZUHRI ISKANDAR', 'S1G2', 3, 'BITS'),
('B031710408', 'NOR SAFIAHANIS BINTI MOHAMMAD ISHAK', 'S2G2', 2, 'BITI'),
('B031710409', 'MUHAMMAD ARIF BIN MOKHTAR', 'S2G1', 2, 'BITI'),
('B031710410', 'MUHAMMAD IQBAL BIN OTHMAN', 'S2G2', 2, 'BITC'),
('B031710411', 'NAJM ADDIN AMEEN SAEED ABDULLAH', 'S2G1', 2, 'BITS'),
('B031710413', 'ASEM ABDULWALI ALI AL-SAMAWI', 'S2G2', 2, 'BITS'),
('B031710414', 'TAWFEEQ MOHAMMED YAHYA AZZAN', 'S2G1', 2, 'BITS'),
('B031710415', 'MOHAMMED HAMOOD ABDULLAH AL-SANHANI', 'S2G2', 2, 'BITS'),
('B031710416', 'MIR MONIS', 'S2G1', 2, 'BITM'),
('B031710417', 'ABDULLAH ASKANDAR ALAWI AL-MANDARI', 'S2G2', 2, 'BITC'),
('B031710418', 'AMINUL ISLAM', 'S2G1', 2, 'BITI'),
('B031710420', 'MUHAMMAD AMIRUL NAJMI BIN JAMALUDIN', 'S2G2', 2, 'BITI'),
('B031710422', 'ZULFARKHAN BIN ZAHRI', 'S2G1', 2, 'BITS'),
('B031710423', 'NUR AMALIA BINTI AZHAR', 'S2G2', 2, 'BITI'),
('B031710424', 'ABDULRAHMAN DAHAN DAHAN MEFTAH', 'S2G1', 2, 'BITS'),
('B031710425', 'MUJEEB ALI NAJM AL-QARAH', 'S2G1', 2, 'BITS'),
('B031710426', 'HAMDAN YAHYA GAAFAR BA GERI', 'S2G2', 2, 'BITS'),
('B031710427', 'ZAINALABEDIN A.H. BARAKA', 'S2G1', 2, 'BITS'),
('B031710428', 'SITI SURAYA BINTI AHMAD MARZUKI', 'S2G2', 2, 'BITM'),
('B031710430', 'MUHAMAD AZIM BIN AZMAN', 'S2G1', 2, 'BITZ'),
('B031710433', 'PATRICIA ANNE MALA A/P SURIAKASI', 'S2G2', 2, 'BITS'),
('B031710434', 'MUHAMMAD KHAIRUL IKHWAN BIN AHMAD', 'S2G1', 2, 'BITS'),
('B031710435', 'NUR HAZIRAH BINTI KHAIRUDDIN', 'S2G2', 2, 'BITC'),
('B031710439', 'ZUZU NAJWA BINTI FUAD', 'S2G1', 2, 'BITC'),
('B031710440', 'MOHAMAD FURQAN QAYYUM BIN ZAHARI', 'S2G2', 2, 'BITC'),
('B031710443', 'MOHAMMAD SYAZWAN BIN ABDUL HADI', 'S2G1', 2, 'BITI'),
('B031710445', 'AMIRAH FATIN BINTI ABDULLAH', 'S2G2', 2, 'BITS'),
('B031710446', 'OMER MOHIELDIN MOHAMED IDRIS', 'S2G2', 2, 'BITS'),
('B031710448', 'TAHER MOHAMMED ABDO HASSAN AL-FAKIH', 'S2G1', 2, 'BITS'),
('B031710452', 'ABDUL ASYRAF BIN ABDUL HARIS', 'S2G2', 2, 'BITI'),
('B031710453', 'CHEONG CHEE YEEN', 'S2G1', 2, 'BITM'),
('B031710454', 'SHEHAB KHALED AHMED NASSER RAHAL', 'S2G2', 2, 'BITS'),
('B031710455', 'ABDELRAHMAN MOHAMMED ABDELWAHAB AHMED', 'S2G1', 2, 'BITC'),
('B031710457', 'MALEK ABDULSAMAD MANSOOR QASEM AL-SELWI', 'S2G2', 2, 'BITS'),
('B031710460', 'MUHAMMAD ISMAIL', 'S1G2', 3, 'BITS'),
('B031720009', 'AMIRUL AFIQ BIN ABDUL RASHID', 'S2G2', 2, 'BITM'),
('B031810001', 'MUHAMMAD AIMI BIN ZAINUDIN', 'S1G1', 3, 'BITZ'),
('B031810002', 'ANG KIAN CHONG', 'S2G1', 2, 'BITI'),
('B031810003', 'MOHAMAD DANNIAL BIN MOHD FADLY', 'S2G2', 2, 'BITM'),
('B031810004', 'MOHD HAZIQ ASHRAF BIN ABD RASHID', 'S2G1', 2, 'BITS'),
('B031810005', 'MUHAMMAD FAHMI HAZIQ BIN AZHARI', 'S2G1', 2, 'BITC'),
('B031810006', 'MOHD AZFAR BIN OTHMAN', 'S2G2', 2, 'BITS'),
('B031810008', 'AHMAD TARMIZI BIN MASKETAR', 'S2G2', 2, 'BITC'),
('B031810010', 'FAEZ BIN MOHD NASIR', 'S2G1', 2, 'BITS'),
('B031810011', 'MUHAMMAD SYAFIQ BIN ABDUL RAHMAN', 'S2G2', 2, 'BITC'),
('B031810013', 'MUHAMMAD AMIRUL IKHWAN BIN YUSRI', 'S2G1', 2, 'BITS'),
('B031810014', 'MOHAMAD ZUL AMIN BIN OTHMAN', 'S2G1', 2, 'BITZ'),
('B031810015', 'SHE SIANG SHYANG', 'S2G1', 2, 'BITZ'),
('B031810016', 'NUR AZLINA BINTI AZLI', 'S2G2', 2, 'BITC'),
('B031810018', 'NUR AINI SHAKINAH BINTI MOHD SHARIF', 'S2G1', 2, 'BITC'),
('B031810019', 'LIM RONG WEI', 'S2G2', 2, 'BITC'),
('B031810020', 'MUHAMMAD HELMI AQMAR BIN MAT RAWI', 'S2G1', 2, 'BITC'),
('B031810021', 'NORHANIS IZANEE BINTI ROSLAN', 'S2G2', 2, 'BITM'),
('B031810022', 'MOHAMAD NAJIB BIN MANSOR', 'S2G2', 2, 'BITM'),
('B031810023', 'MUHAMMAD RAZAN AIMI BIN RUZAIMAN', 'S2G1', 2, 'BITM'),
('B031810026', 'AMIR ZAKI BIN MAT ALI', 'S2G1', 2, 'BITC'),
('B031810027', 'UMMI NAMIRAH BINTI HASHIM', 'S2G2', 2, 'BITS'),
('B031810028', 'SARMILA DEVI A/P SAGER', 'S2G1', 2, 'BITZ'),
('B031810030', 'JOYCELIN GRACE JOHNNY', 'S2G1', 2, 'BITD'),
('B031810031', 'MUHAMAD AFIQ BIN MOHD ABIDIN', 'S2G1', 2, 'BITS'),
('B031810032', 'MUHAMMAD ARIFF BIN A KHALID', 'S2G1', 2, 'BITI'),
('B031810033', 'MOHD NURULDIN BIN MOHD NOR', 'S1G1', 3, 'BITD'),
('B031810034', 'NURUL FATEEN NIRWANA BINTI MOHAMMAD BAHRAIN', 'S2G2', 2, 'BITD'),
('B031810035', 'NURUL NAZIRA BINTI MD. SALIM', 'S2G2', 2, 'BITC'),
('B031810037', 'MUHAMMAD FAIZAL BIN REFENDI', 'S2G1', 2, 'BITE'),
('B031810039', 'NURUL FATIN NADIRAH BINTI UZAIRI', 'S2G1', 2, 'BITC'),
('B031810040', 'PHIRAVIN NAIR A/L DEVADAS', 'S2G1', 2, 'BITZ'),
('B031810042', 'SITI NOOR AZMIRA BT AHMAD', 'S2G2', 2, 'BITS'),
('B031810043', 'NUR FARHANA SYAFINNA BINTI JOHUDIN', 'S2G2', 2, 'BITM'),
('B031810044', 'MUHAMMAD AMMAR BIN MOHD RAZAMAN', 'S2G2', 2, 'BITD'),
('B031810046', 'MUHAMMAD DANIAL HAZIQ BIN MOHD ZARIMAN', 'S2G1', 2, 'BITC'),
('B031810047', 'SITI NOR EFARAHIN BINTI MUSIRAN', 'S2G1', 2, 'BITD'),
('B031810048', 'NUR AZLIN BINTI AHMAD NAZRI', 'S2G2', 2, 'BITM'),
('B031810049', 'MUHAMMAD AQIL HIKARI BIN MOHD SHAHAR', 'S2G2', 2, 'BITC'),
('B031810052', 'DANIAL AZRAI BIN AJEMUDIN', 'S2G1', 2, 'BITS'),
('B031810053', 'NURUL HIDAYAH BINTI JO HARI', 'S2G1', 2, 'BITC'),
('B031810054', 'MOHAMAD ASHRAF BIN MOHAMAD RAZANEN', 'S2G2', 2, 'BITD'),
('B031810055', 'FAKHRUR RADZIQ BIN MOHAMAD FORZAN', 'S1G1', 3, 'BITE'),
('B031810056', 'WAN MUHAMMAD FIKRI BIN WAN BADRULZAMAN', 'S2G2', 2, 'BITI'),
('B031810057', 'ZAHIDAH BINTI ZULKIFLI', 'S2G1', 2, 'BITM'),
('B031810058', 'KAMARUL HISYAM BIN MOHD RUSLI', 'S1G2', 3, 'BITD'),
('B031810060', 'SATESH A/L SATHIASEELAN', 'S1G2', 3, 'BITD'),
('B031810063', 'HUDA IZZATI BINTI AHAMAD MUZAFAR', 'S2G1', 2, 'BITM'),
('B031810064', 'FARIDAH BINTI OTHMAN', 'S2G2', 2, 'BITD'),
('B031810065', 'NURUL AINA BINTI ZAINAL', 'S2G2', 2, 'BITM'),
('B031810067', 'SHATIISH A/L SEGARAN', 'S2G1', 2, 'BITC'),
('B031810068', 'AIMAN FIKRI BIN ASMADI', 'S2G1', 2, 'BITC'),
('B031810069', 'TEOH KAH LUN', 'S2G2', 2, 'BITI'),
('B031810071', 'CONCILLIA BELFA ANAK BONIFACE', 'S2G2', 2, 'BITS'),
('B031810072', 'MOHAMAD FIRDAUS BIN MOHD JAFRI', 'S2G1', 2, 'BITI'),
('B031810073', 'NUR ALIA NATASHA BINTI MUHAMMAD NADZRI', 'S2G1', 2, 'BITD'),
('B031810074', 'MARNI ADILAH BINTI ABDUL MAJID', 'S1G1', 3, 'BITD'),
('B031810076', 'MOHAMMAD RAHIMI BIN HAMZAH', 'S2G1', 2, 'BITS'),
('B031810078', 'NUR AISYAH SYAKIRAH BINTI MOHD NOOR AZMI', 'S2G2', 2, 'BITM'),
('B031810079', 'MUHAMMAD FIKRI BIN OTHMAN', 'S2G2', 2, 'BITC'),
('B031810080', 'MUHAMMAD SYAHZRUL AJWAD BIN AMRY', 'S2G2', 2, 'BITS'),
('B031810081', 'AININ SOFIYA HISHAM', 'S2G1', 2, 'BITI'),
('B031810082', 'NORATHIRAH BINTI SAID', 'S2G1', 2, 'BITM'),
('B031810083', 'AMIRUL SYAFIQ BIN ABDUL HALIM', 'S2G2', 2, 'BITE'),
('B031810084', 'MUHAMMAD FARID ZAKWAN BIN SYAFRISAL', 'S2G2', 2, 'BITC'),
('B031810085', 'THENNARASU A/L PARAMASIVAN', 'S1G1', 3, 'BITC'),
('B031810086', 'SATTISH KUMARAN A/L TAYVANTRIAN', 'S2G1', 2, 'BITC'),
('B031810089', 'NADIA SYAZWANA BINTI BASAR', 'S2G1', 2, 'BITD'),
('B031810091', 'AHMAD FAISAL B. MD JAMAL', 'S2G2', 2, 'BITC'),
('B031810093', 'NUR SYAHIRAH BINTI ZAINOL', 'S2G2', 2, 'BITM'),
('B031810094', 'NUR HIDAYAH BINTI MOHD KAMAL MARAN', 'S1G2', 3, 'BITZ'),
('B031810095', 'TOH QI QI', 'S1G1', 3, 'BITE'),
('B031810096', 'ABDUL HALIM BIN AHMAD', 'S2G1', 2, 'BITM'),
('B031810097', 'MUHAMMAD AKMAL FARUQ BIN ROZLAN', 'S2G1', 2, 'BITC'),
('B031810098', 'MUHAMMAD HARIZ BIN SALIKIN', 'S1G2', 3, 'BITD'),
('B031810101', 'NUR LIYANA BINTI AHMAD SOBRI', 'S2G1', 2, 'BITI'),
('B031810102', 'NUR AZWA BINTI ZUBIR', 'S2G2', 2, 'BITI'),
('B031810103', 'MUHAMAD AQIF DANISH BIN MOHAMAD DAUD', 'S2G2', 2, 'BITS'),
('B031810104', 'NOR AZWANI BINTI AZIZAN', 'S2G1', 2, 'BITZ'),
('B031810105', 'NUR AMALIA BINTI JASMI', 'S2G2', 2, 'BITM'),
('B031810106', 'FAREEZ HAZIQ BIN ADNAN', 'S2G1', 2, 'BITS'),
('B031810108', 'MD ZHARFAN YEK BIN MD SUFIAN YEK', 'S2G2', 2, 'BITS'),
('B031810109', 'MUHAMAD FIRDAUS BIN ZAIDI', 'S2G2', 2, 'BITD'),
('B031810110', 'MOHAMAD FARHAN ASHRAF BIN TAHARIN', 'S2G1', 2, 'BITM'),
('B031810111', 'SOPANA A/P MURUGAN', 'S2G2', 2, 'BITS'),
('B031810112', 'PUVANESWARY A/P MAHANDERAN', 'S2G1', 2, 'BITD'),
('B031810113', 'AMIRAH NABILAH BINTI AHMAD NAZARI', 'S2G1', 2, 'BITI'),
('B031810114', 'NUR AMEILIA BT MOHD ZAIN', 'S2G2', 2, 'BITD'),
('B031810115', 'YONG KIAN PING', 'S1G1', 3, 'BITM'),
('B031810116', 'NURUL SYIFA BINTI HASBULLAH', 'S2G1', 2, 'BITM'),
('B031810117', 'FATIN HANANI BINTI AZREEL', 'S2G2', 2, 'BITS'),
('B031810120', 'VENOLIA A/P BALASUNDRAM', 'S2G1', 2, 'BITD'),
('B031810121', 'HAZEQ IMRAN BIN FADIL', 'S2G2', 2, 'BITZ'),
('B031810122', 'TANG LI HO', 'S1G1', 3, 'BITI'),
('B031810123', 'AFIFI BIN KHALILI', 'S2G2', 2, 'BITI'),
('B031810124', 'MUHAMMAD HAIKAL ASYRAF BIN NORAZMAN', 'S2G1', 2, 'BITC'),
('B031810125', 'NUR AFIQAH BINTI IBRAHIM', 'S2G1', 2, 'BITI'),
('B031810127', 'SITI NORASHIKIN BINTI HASSAN', 'S2G1', 2, 'BITC'),
('B031810128', 'SITI NURATIQAH BINTI MOHD SHAIFUDDIN', 'S2G1', 2, 'BITM'),
('B031810130', 'NUR SHAHIRAH BINTI AZMI', 'S1G2', 3, 'BITC'),
('B031810131', 'NUR NABILAH BINTI AZMAN', 'S2G2', 2, 'BITD'),
('B031810132', 'WIRDA AMIRA BT MOHD ASRI', 'S2G2', 2, 'BITM'),
('B031810134', 'FILZAH HANANI BINTI MOHD RAZI', 'S1G1', 3, 'BITE'),
('B031810135', 'NANDHINI A/P MEENATCHY SUNDARAM', 'S2G1', 2, 'BITM'),
('B031810136', 'QUEK YAO JING', 'S1G1', 3, 'BITI'),
('B031810137', 'NUR FATIHAH BINTI YUSOFF', 'S2G1', 2, 'BITS'),
('B031810138', 'NUR IZATUL FARHANIM BINTI MD RIDZWAN', 'S2G2', 2, 'BITZ'),
('B031810139', 'DHARSHEN V SIVANANDA', 'S2G2', 2, 'BITI'),
('B031810140', 'SITI NURLIYANA BINTI ABDUL MALIK', 'S2G1', 2, 'BITD'),
('B031810141', 'NOR KHAMILAH BINTI IBRAHIM', 'S2G1', 2, 'BITD'),
('B031810142', 'NUR ADIBAH AQILAH BINTI SELAMAT', 'S2G1', 2, 'BITD'),
('B031810143', 'AKMALUNNISAK BINTI DARUS', 'S2G1', 2, 'BITI'),
('B031810144', 'TIANG KING JECK', 'S1G2', 3, 'BITS'),
('B031810145', 'NUR HANEE BINTI ZAINUDIN', 'S2G2', 2, 'BITM'),
('B031810146', 'SHANMUGGAPPRIYA A/P GOPI', 'S2G2', 2, 'BITI'),
('B031810147', 'MUHAMMAD FAIZ IZZUDDIN BIN MOHD JAMIL', 'S2G2', 2, 'BITC'),
('B031810148', 'MICHELLE ANN DASS A/P ANTHONY DASS', 'S2G1', 2, 'BITM'),
('B031810150', 'NUR AIN ATIRAH BINTI HAMIDON', 'S2G1', 2, 'BITS'),
('B031810151', 'MUHAMMAD HAFIZ BIN WAHID', 'S2G1', 2, 'BITE'),
('B031810152', 'MUHAMAD NUR IRFAN BIN AZMAN', 'S1G1', 3, 'BITI'),
('B031810153', 'JECKSON ANAK DIAN', 'S1G1', 3, 'BITE'),
('B031810154', 'ADIB ZIKRY BIN RIDZUAN', 'S2G2', 2, 'BITM'),
('B031810155', 'AMIRUL HAQIM BIN ZAMRI', 'S1G1', 3, 'BITC'),
('B031810156', 'MUHAMMAD FIKRI ARIFF BIN MOHD FAUZI', 'S2G1', 2, 'BITM'),
('B031810157', 'AIN SHAZRYNA BINTI ABDUL RAHIM', 'S2G2', 2, 'BITI'),
('B031810159', 'ROOBAN A/L SAKTHI SARAVANAN', 'S2G1', 2, 'BITM'),
('B031810160', 'WAN NURWANI ZUHAIRAH BINTI WAN IKMAL HISHAM', 'S2G1', 2, 'BITS'),
('B031810161', 'NOORHUSNA BINTI NOORDIN', 'S2G2', 2, 'BITM'),
('B031810163', 'THASVINDRAN A/L GOBINATHAN', 'S2G1', 2, 'BITS'),
('B031810164', 'FARIS BIN TAMRULAN', 'S1G2', 3, 'BITD'),
('B031810165', 'TAN SZE YAN', 'S2G2', 2, 'BITS'),
('B031810166', 'RHESHWAN RAJ A/L RAVICHANDRAN', 'S2G2', 2, 'BITI'),
('B031810167', 'ASMA BINTI ABDUL RAZAK', 'S2G2', 2, 'BITS'),
('B031810168', 'MUHAMMAD ADIB BIN NOOR HAZUKI', 'S2G1', 2, 'BITS'),
('B031810170', 'MEOR MUHAMMAD KAMAL BIN MEOR MUHAMMAD SULAIMAN', 'S2G1', 2, 'BITC'),
('B031810171', 'MEOR MUHAMMAD KAMIL BIN MEOR MUHAMMAD SULAIMAN', 'S2G2', 2, 'BITS'),
('B031810172', 'NOR HAQKIEM BIN HAMDAN', 'S2G1', 2, 'BITI'),
('B031810173', 'ARIFAH BINTI AHMAD', 'S2G1', 2, 'BITS'),
('B031810174', 'CHONG ZI QING', 'S1G2', 3, 'BITC'),
('B031810175', 'NUR SALWANA BINTI SALIM', 'S1G1', 3, 'BITC'),
('B031810176', 'AZRUL AFIQ BIN ABDUL AZIZ', 'S1G1', 3, 'BITS'),
('B031810177', 'WONG ZHI SHING', 'S1G2', 3, 'BITC'),
('B031810178', 'YAP ZHONG HENG', 'S1G2', 3, 'BITI'),
('B031810179', 'TAN WEN XIANG', 'S1G1', 3, 'BITI'),
('B031810180', 'CHONG JUN HAO', 'S1G1', 3, 'BITZ'),
('B031810181', 'KANG WEN JIE', 'S1G2', 3, 'BITD'),
('B031810182', 'ONG HUI JIE', 'S1G2', 3, 'BITM'),
('B031810183', 'LOI JING HOOI', 'S1G1', 3, 'BITC'),
('B031810184', 'KHOO PEI HAOW', 'S1G1', 3, 'BITM'),
('B031810185', 'NUR ATHIRAH IZZATI BINTI SHAFIE', 'S1G2', 3, 'BITM'),
('B031810187', 'AMIRUL SYAZWAN BIN SALMI', 'S1G2', 3, 'BITZ'),
('B031810188', 'NURUL IZZATI BINTI MOHAMMAD RASHIDDIN', 'S1G1', 3, 'BITD'),
('B031810189', 'SOH YI JIN', 'S1G1', 3, 'BITM'),
('B031810190', 'SITI NURBATRISYIA BINTI JALAWI', 'S1G2', 3, 'BITZ'),
('B031810191', 'LEE WEN HUEY', 'S1G2', 3, 'BITS'),
('B031810192', 'MAH KIM FONG', 'S1G1', 3, 'BITC'),
('B031810193', 'MUHAMMAD FAHMI BIN MANSOR', 'S1G1', 3, 'BITC'),
('B031810194', 'TAN ZHI ZHONG', 'S1G2', 3, 'BITS'),
('B031810195', 'LUA CHEONG FENG', 'S1G2', 3, 'BITM'),
('B031810196', 'VISHWAREETA A/P VANOO', 'S1G1', 3, 'BITI'),
('B031810197', 'LIEW KOK FOO', 'S1G1', 3, 'BITI'),
('B031810198', 'SITI SOLEHAH BINTI AZIT', 'S1G2', 3, 'BITM'),
('B031810200', 'TENG WEI SHENG', 'S1G2', 3, 'BITD'),
('B031810201', 'MERVYN LIM ZHE XI', 'S1G2', 3, 'BITI'),
('B031810202', 'NURUL AQILAH SHAHIRAH BINTI AMIRUDIN', 'S1G2', 3, 'BITS'),
('B031810203', 'TAN CHEE YIN', 'S1G1', 3, 'BITD'),
('B031810204', 'LIM ZI FENG', 'S1G2', 3, 'BITI'),
('B031810205', 'CHUA XIN YING', 'S1G2', 3, 'BITC'),
('B031810207', 'WEE ZHEE YEEN', 'S1G2', 3, 'BITZ'),
('B031810208', 'NAJIHAH BINTI SHAHRUL AZMEE', 'S1G2', 3, 'BITD'),
('B031810209', 'NUR AMIRAH BINTI SHAHADAN', 'S1G1', 3, 'BITC'),
('B031810210', 'ALYA TIHANI BINTI MOHD HASDI', 'S1G2', 3, 'BITD'),
('B031810211', 'KOH KOK SHENG', 'S1G2', 3, 'BITS'),
('B031810214', 'KHOR ZHEN DI', 'S1G1', 3, 'BITM'),
('B031810215', 'MOO CHOON MENG', 'S1G1', 3, 'BITD'),
('B031810216', 'CHAI ROU SIN', 'S1G2', 3, 'BITZ'),
('B031810217', 'TAN CHUN YONG', 'S1G2', 3, 'BITZ'),
('B031810218', 'KHAIRUZZANARIAH BINTI ABDUL RAMAN', 'S1G1', 3, 'BITC'),
('B031810219', 'KWONG TUNG NAN', 'S1G1', 3, 'BITI'),
('B031810220', 'LEE JONG FENG', 'S1G2', 3, 'BITS'),
('B031810221', 'GOH CAI NI', 'S1G2', 3, 'BITI'),
('B031810222', 'GION MIN MING', 'S1G1', 3, 'BITI'),
('B031810223', 'CHON YAO JUN', 'S1G1', 3, 'BITS'),
('B031810225', 'MOHAMAD ARFANDI BIN AHMAD', 'S1G2', 3, 'BITM'),
('B031810226', 'NUREZZAINEE EZATTE BINTI MOHAMMAD KAMAL', 'S1G2', 3, 'BITD'),
('B031810227', 'KU NOR AIMAN AFNAN BIN KU RIYA', 'S1G1', 3, 'BITS'),
('B031810228', 'NUR ZARITH SOFIA BINTI SUKAR @ YAHYA', 'S1G1', 3, 'BITD'),
('B031810229', 'NUR ANISAH BINTI ONDONG', 'S1G2', 3, 'BITC'),
('B031810230', 'NUR NAZIFA BINTI MUHAMAD NIZAL', 'S1G2', 3, 'BITM'),
('B031810231', 'IRFAN BIN IZAD', 'S1G1', 3, 'BITC'),
('B031810232', 'NUR AUNI ZAWANI BINTI NOR AZLI', 'S1G1', 3, 'BITC'),
('B031810233', 'AMIRAH SYAHIRAH BINTI ARIFFIN', 'S1G2', 3, 'BITC'),
('B031810234', 'MUHAMMAD NABIL IMRAN BIN SOLEHAN', 'S1G2', 3, 'BITI'),
('B031810235', 'SITI NOR ATIKAH BINTI AZMI', 'S1G1', 3, 'BITM'),
('B031810236', 'YONG YEONG', 'S1G1', 3, 'BITI'),
('B031810238', 'NURIN SYAZWANA BINTI MD NAZRI', 'S1G2', 3, 'BITM'),
('B031810239', 'AMIRUL NAIM BIN ABD RAHMAN', 'S1G1', 3, 'BITM'),
('B031810240', 'NUR ZAHIRAH BINTI SAMAT', 'S1G1', 3, 'BITZ'),
('B031810241', 'MUHAMMAD AMAR TAUFIQ BIN MOHD NAZRI', 'S1G1', 3, 'BITE'),
('B031810242', 'NUR SAKINA ALIA BINTI SUDIN', 'S1G2', 3, 'BITC'),
('B031810243', 'AZWIN NURAIN BINTI AIDI KHARSANA', 'S1G2', 3, 'BITD'),
('B031810244', 'THIASAN A/L CHANDRAN', 'S1G1', 3, 'BITZ'),
('B031810245', 'NUR AMIRAH NABILAH BINTI MUHAMMAD SUKRI', 'S1G2', 3, 'BITM'),
('B031810246', 'JEYSHALINI TEVOSHA A/P R.SETHURAMAN @ EDWARD', 'S1G2', 3, 'BITI'),
('B031810248', 'MUHAMMAD AZRI BIN AZMI', 'S1G1', 3, 'BITI'),
('B031810249', 'LUHMAN MUSA BIN ABDUL MUTALIP', 'S1G1', 3, 'BITS'),
('B031810250', 'NUR SYAFINA BINTI NIZAN', 'S1G1', 3, 'BITE'),
('B031810253', 'AHMAD FARIS BIN MAZLAN', 'S1G2', 3, 'BITC'),
('B031810254', 'SITI NUR AISHAH BINTI ANUAR', 'S1G2', 3, 'BITC'),
('B031810255', 'MURSYIDAH BINTI AHMAD ZAMZURI', 'S1G2', 3, 'BITD'),
('B031810256', 'ABDUL HAZIQ BIN ABD KHALID', 'S1G1', 3, 'BITI'),
('B031810258', 'ARIFF RAHIMIN BIN MOHAMED NORAZMAN', 'S1G1', 3, 'BITI'),
('B031810259', 'EMILIA BINTI EM DJOHANNE', 'S1G1', 3, 'BITE'),
('B031810261', 'NUR IZZATULHUSNA BINTI MOHD BILAL', 'S1G2', 3, 'BITD'),
('B031810262', 'ABU TALHAH BIN MOHD AMIN', 'S1G2', 3, 'BITZ'),
('B031810263', 'NUR EMILIA SYAFIQAH BINTI RASID', 'S1G2', 3, 'BITC'),
('B031810264', 'AMIR HIFZAN BIN AZHAR', 'S1G2', 3, 'BITZ'),
('B031810265', 'NURUL IZZATI MOHD JAILANI', 'S1G2', 3, 'BITM'),
('B031810266', 'WAN KHADIJAH BINTI WAN SUKAIRI', 'S1G1', 3, 'BITM'),
('B031810267', 'MUHAMMAD ASNAWI BIN HASHIM', 'S1G1', 3, 'BITS'),
('B031810268', 'MUHAMMAD MUSLIM BIN WAN SULAIMAN', 'S1G1', 3, 'BITE'),
('B031810270', 'FARIHATUL HUSNA BINTI ABD RAZAK', 'S1G2', 3, 'BITZ'),
('B031810271', 'NABIHAH ADILAH BINTI MOHD NASIR', 'S1G2', 3, 'BITZ'),
('B031810272', 'AZLINDA BINTI AZMAN', 'S1G1', 3, 'BITC'),
('B031810273', 'MOHAMMAD FADHIL BIN ROSMAN', 'S1G1', 3, 'BITE'),
('B031810274', 'NUR AFIQAH BINTI AZMAN', 'S1G2', 3, 'BITM'),
('B031810275', 'NABILAH ZAYANI BINTI YAACOB', 'S1G2', 3, 'BITZ'),
('B031810277', 'NURUL SYAIDATUL AQILLA BINTI MAZLAN', 'S1G1', 3, 'BITS'),
('B031810278', 'NOR HALIZA BINTI ABD HAMID', 'S1G1', 3, 'BITD'),
('B031810279', 'RASHDAN AZHARI BIN MOHD ANUAR', 'S1G1', 3, 'BITS'),
('B031810281', 'AGILAN A/L MANIVASAGAM', 'S1G2', 3, 'BITI'),
('B031810282', 'AMNI SYAZANA BINTI NOR HISHAM', 'S1G2', 3, 'BITM'),
('B031810283', 'TAN YI WEN', 'S1G1', 3, 'BITI'),
('B031810284', 'SYAHIRAH BINTI MOHAMAD AZAHRI', 'S1G1', 3, 'BITD'),
('B031810285', 'NUR RIEZMAN NAIM BIN ZAMRI', 'S1G1', 3, 'BITE'),
('B031810286', 'PREVINA A/P MUNUGANAN', 'S1G2', 3, 'BITI'),
('B031810287', 'NURAINA IYLIA BINTI ZULKARNAIN', 'S1G2', 3, 'BITM'),
('B031810288', 'MUHAMMAD SYAHMI BIN ABDUL JALIL', 'S1G1', 3, 'BITS'),
('B031810289', 'AINA ASYIQIN BINTI MOHAMAD ZAKI', 'S1G1', 3, 'BITS'),
('B031810291', 'MOHAMMAD FAISOL BIN ROSLAN', 'S1G2', 3, 'BITD'),
('B031810292', 'NURHAYATI BINTI NORDIN', 'S1G2', 3, 'BITC'),
('B031810293', 'MUHAMMAD HARIZ BIN ZAINUDDIN', 'S1G2', 3, 'BITS'),
('B031810294', 'HAZIYAH IMANINA BINTI IBRAHIM', 'S1G2', 3, 'BITC'),
('B031810295', 'ELLE ALIZ BINTI AMINUDDIN', 'S1G1', 3, 'BITI'),
('B031810296', 'MOHD HARIZ BIN ABDUL MALEK', 'S1G1', 3, 'BITI'),
('B031810297', 'NURUL HANANI BINTI AB AZIZ', 'S1G1', 3, 'BITE'),
('B031810298', 'NOR MUNIRA SYAFIQA BINTI MD ZAINI', 'S1G1', 3, 'BITZ'),
('B031810299', 'NUR ALIS SOPHIA BINTI SUHAIMI', 'S1G2', 3, 'BITI'),
('B031810300', 'WAN MUHAMMAD ARIFF BIN WAN AZIZ', 'S1G1', 3, 'BITE'),
('B031810301', 'MUHAMMAD NAZMI BIN NORDIN', 'S1G1', 3, 'BITS'),
('B031810302', 'KHAIRUNNISA BINTI AMINUDDIN', 'S1G2', 3, 'BITD'),
('B031810303', 'MUHAMMAD SUFI MIRZA BIN SAWALLUDIN', 'S1G2', 3, 'BITD'),
('B031810304', 'MUHAMMAD FITHRI BIN GHANAMI', 'S1G1', 3, 'BITC'),
('B031810305', 'SITI NURUL ANITH BINTI MOHD FAUZI', 'S1G1', 3, 'BITD'),
('B031810306', 'AHMAD AL-AMIN BIN AHMAD RAIS', 'S1G1', 3, 'BITD'),
('B031810307', 'NUR DIANA BINTI SUHARDI', 'S1G2', 3, 'BITZ'),
('B031810308', 'MUHAIMIN BIN MOHD IZZAT ASYRAF TEH', 'S1G2', 3, 'BITM'),
('B031810309', 'HANI MAISARAH BINTI ZAINAL SUBARI', 'S1G1', 3, 'BITZ'),
('B031810310', 'MUHAMMAD ALIFF IQMAL BIN OTHMAN', 'S1G1', 3, 'BITS'),
('B031810311', 'AMIERAH HANIS BINTI ROSMEN', 'S1G1', 3, 'BITI'),
('B031810312', 'MUHAMMAD NAIM SYAHMI BIN ROSLAN', 'S1G2', 3, 'BITI'),
('B031810313', 'AIN ZAHIRAH BINTI ABDUL KARIM', 'S1G1', 3, 'BITD'),
('B031810314', 'MUHAMAD NUR BIN MUHAMAD ZAIDI', 'S1G2', 3, 'BITI'),
('B031810316', 'NURUL SAHIRA BINTI NOR IHASAN', 'S1G2', 3, 'BITM'),
('B031810317', 'NURANIS MUNIRAH BINTI MOHD ZAIDI', 'S1G1', 3, 'BITC'),
('B031810318', 'FATIN NAJIEHAH BINTI MOHD ZAMELI', 'S1G1', 3, 'BITD'),
('B031810319', 'HALIM MOHSIN BIN MOHAMMAH FUZIA', 'S1G2', 3, 'BITC'),
('B031810321', 'NURULHANAN BINTI ABDUL HALIM', 'S1G2', 3, 'BITM'),
('B031810322', 'NUR FATIN SHAHIRA BINTI OTHMAN', 'S1G1', 3, 'BITM'),
('B031810323', 'MUHAMMAD HAZIQ IZZUDDIN BIN MOHAMMAD JUNAIDY', 'S1G1', 3, 'BITI'),
('B031810326', 'NUR NADIA BINTI ROSLI', 'S1G1', 3, 'BITE'),
('B031810327', 'SITI NOR DIANA BINTI MAISITA', 'S1G1', 3, 'BITZ'),
('B031810328', 'NOOR ANESSA BINTI NOOR AFFENDI', 'S1G2', 3, 'BITM'),
('B031810329', 'FATIN MAHFUZAH BINTI RAZI', 'S1G1', 3, 'BITE'),
('B031810330', 'SITI AISHAH BINTI RAZALI', 'S1G1', 3, 'BITC'),
('B031810331', 'NUR FARZANA DIYANA BINTI AZIZI', 'S1G2', 3, 'BITS'),
('B031810332', 'AIMAN ISKANDAR BIN MOHD. ZAIDI', 'S1G1', 3, 'BITI'),
('B031810334', 'RAMANAN GOBALAKRISHNAN', 'S1G1', 3, 'BITI'),
('B031810335', 'AIMI KHALEEDA BINTI AZMI', 'S1G2', 3, 'BITM'),
('B031810338', 'NURHUDA BINTI ZAKARIA', 'S1G1', 3, 'BITC'),
('B031810339', 'MUHAMMAD SYAHIR SYAHMI BIN ANUAR', 'S1G1', 3, 'BITS'),
('B031810340', 'SITI NURFARAHIN BINTI MOHAMED YAZID', 'S1G2', 3, 'BITM'),
('B031810341', 'NUR AZWANI BINTI MOHD NOOR', 'S1G1', 3, 'BITD'),
('B031810342', 'NURUL ATHIRAH AMALIA BINTI JAMALUDIN', 'S1G1', 3, 'BITC'),
('B031810343', 'AHMAD RAZIN BIN AZMAN', 'S1G2', 3, 'BITZ'),
('B031810344', 'NORAISHAH BINTI JAAFAR', 'S1G1', 3, 'BITC'),
('B031810345', 'SYAZA LIYANA BINTI MUHAMAD SHAPEE', 'S1G2', 3, 'BITC'),
('B031810346', 'NURHIDAYAH BINTI MOHD LAZIM', 'S1G1', 3, 'BITS'),
('B031810347', 'HAFIY HIBATULLAH BIN MOHD.ZAID', 'S1G2', 3, 'BITD'),
('B031810348', 'IZZAH SHAIRAH BINTI KHAIRUDDIN', 'S1G1', 3, 'BITM'),
('B031810349', 'RAJA NURUL AINI BINTI RAJA MOHD ANUAR', 'S1G1', 3, 'BITC'),
('B031810350', 'NUR AKLINDA BINTI MANSOR', 'S1G2', 3, 'BITD'),
('B031810353', 'SHAZATUL NAJIHA BINTI MD SAID', 'S1G1', 3, 'BITS'),
('B031810354', 'TUAN SHARIFAH NAJIHAH BINTI TUAN MOHD ZAMLI', 'S1G1', 3, 'BITE'),
('B031810355', 'MUHAMMAD IRFAN BIN MOHD RADZI', 'S1G1', 3, 'BITE'),
('B031810356', 'CHE MUHAMMAD HUSSAIN BIN CHE HASMI', 'S1G1', 3, 'BITM'),
('B031810358', 'ADLINA BINTI MOHAMAD', 'S1G1', 3, 'BITS'),
('B031810359', 'NUR TAJALLI KAMALPUTRI BINTI KAMARULZAMAN', 'S1G1', 3, 'BITD'),
('B031810360', 'SHIVEDHASSEN BALASINGAM', 'S1G2', 3, 'BITI'),
('B031810361', 'THITTHIMA A/P WAT', 'S1G1', 3, 'BITI'),
('B031810362', 'DANISH AFIF BIN MOHAMAD DZAHIR', 'S1G1', 3, 'BITE'),
('B031810363', 'NURUL HUSNA BINTI HARUN', 'S1G1', 3, 'BITS'),
('B031810364', 'NURUL NATASYA BINTI SUPRI', 'S1G2', 3, 'BITS'),
('B031810365', 'ZAITI AKTA BINTI ZAHARUDDIN', 'S1G1', 3, 'BITI'),
('B031810366', 'TENGKU MAHMUD HAZIM BIN TENGKU ABDUL AZIS', 'S1G1', 3, 'BITS'),
('B031810367', 'NUR ANISS BINTI NORDIN', 'S1G2', 3, 'BITM'),
('B031810368', 'ATIRAH NURAIN BINTI AMINUDDIN', 'S1G1', 3, 'BITM'),
('B031810369', 'MUHAMMAD ADAM BIN MOHD AMIN', 'S1G2', 3, 'BITM'),
('B031810370', 'SAIFUL MIRZA BIN SHUBLI', 'S1G1', 3, 'BITS'),
('B031810371', 'MUHAMMAD AMZAR RAIF BIN AMIR RASID', 'S1G1', 3, 'BITE'),
('B031810372', 'AINA NAJEEHAH BINTI ANUAR', 'S1G1', 3, 'BITD'),
('B031810373', 'AAINAA NABILAH BINTI ROHAIZAD', 'S1G1', 3, 'BITI'),
('B031810374', '`IZZAH DIYANAH BINTI KHAIRUL AZIM', 'S1G1', 3, 'BITD'),
('B031810375', 'NURUL NABILAH BINTI ABDUL MUNIR', 'S1G2', 3, 'BITS'),
('B031810376', 'NUR HAZIRAH BINTI ALIMAN', 'S1G1', 3, 'BITM'),
('B031810377', 'FARHAN AKMAL BIN YAHYA', 'S1G1', 3, 'BITE'),
('B031810378', 'NURUL AFIFAH BINTI AHMAD MAHIN', 'S1G1', 3, 'BITC'),
('B031810379', 'FARAH NABILA BINTI MOHAMMAD ROSLAN', 'S1G2', 3, 'BITS'),
('B031810380', 'ISMAHANI BINTI RUSDI', 'S1G1', 3, 'BITC'),
('B031810381', 'NOR HANIS AFIFAH BINTI HARUN', 'S1G1', 3, 'BITS'),
('B031810382', 'AHMAD NAUFAL BIN MOHD SALEH', 'S1G2', 3, 'BITI'),
('B031810383', 'WAN NUR ADELINA BINTI MEGAT ASRUL HAZAMAN', 'S1G1', 3, 'BITD'),
('B031810384', 'SITI NUR HANNA BINTI ZAKARIA', 'S1G1', 3, 'BITS'),
('B031810385', 'NURNABIHAH BINTI ABD KHALID', 'S1G2', 3, 'BITZ'),
('B031810386', 'MUHAMMAD NURHAFIZI BIN ABU BAKAR SEDAK', 'S1G1', 3, 'BITS'),
('B031810387', 'PUTERI NURUL AIN BINTI MOHD ADLI', 'S1G1', 3, 'BITZ'),
('B031810388', 'AREEF AIMAN BIN ZAINUDDIN', 'S1G2', 3, 'BITC'),
('B031810390', 'NOOR ATIRAH BINTI MOKHTAR', 'S1G1', 3, 'BITC'),
('B031810391', 'NG YU CHIA', 'S1G1', 3, 'BITC'),
('B031810392', 'MUHAMED HUSSAIN BIN HITHAYATULLAH', 'S1G2', 3, 'BITI'),
('B031810393', 'MUHAMMAD ARIQ BIN ADNAN', 'S1G1', 3, 'BITC'),
('B031810394', 'NUR AZRA AZIZA BINTI MOHD NOR', 'S1G1', 3, 'BITZ'),
('B031810395', 'SARAH NADIAH BINTI RAMLI', 'S2G2', 2, 'BITZ'),
('B031810396', 'ROSMASALMY BINTI ISMAIL', 'S2G1', 2, 'BITE'),
('B031810397', 'MOHD NAJIB BIN ABD HALIM', 'S2G1', 2, 'BITE'),
('B031810398', 'WAN AIMAN KHADIJA BINTI WAN ARIFFIN', 'S1G2', 3, 'BITM'),
('B031810399', 'MUHAMMAD MUSTAQIM BIN SAMSUDIN', 'S1G1', 3, 'BITS'),
('B031810400', 'NUR LIYANA BINTI ABD SHUKUR', 'S2G1', 2, 'BITD'),
('B031810401', 'ABDUL RAHMAN HAKIM BIN TAJUL ARIFFIN', 'S1G1', 3, 'BITS'),
('B031810402', 'AHMAD AKMAL HAZIM BIN ZULKIFLI', 'S1G2', 3, 'BITZ'),
('B031810404', 'MUHAMMAD FIKRUN AMIN', 'S1G1', 3, 'BITI'),
('B031810405', 'HARIS HAFIZ ADNAN', 'S1G1', 3, 'BITM'),
('B031810406', 'PUNTA DEWA GHANIY AVI', 'S1G2', 3, 'BITM'),
('B031810408', 'SITI NABIHAH BINTI ABU BAKAR', 'S2G1', 2, 'BITI'),
('B031810409', 'MUHAMMAD AFIQ BIN ABD RAZAK', 'S2G2', 2, 'BITM'),
('B031810410', 'HUSZNA IZZATIE BINTI HAIRUL SHAMSUL', 'S2G2', 2, 'BITM'),
('B031810411', 'AZEERA FAZREENA BINTI AMINUDDIN', 'S2G1', 2, 'BITI'),
('B031810412', 'FATIN NURNADIA BINTI ZAINURIN MOHD DOM', 'S2G1', 2, 'BITM'),
('B031810415', 'AMIRA SYAFIQAH BINTI AZMAN', 'S2G2', 2, 'BITM'),
('B031810416', 'AMIRUL AZHAR BIN MOHD HANAPI', 'S2G2', 2, 'BITM'),
('B031810418', 'SITI MAIMUNAH BINTI ABDUL RAHMAN', 'S2G2', 2, 'BITI'),
('B031810419', 'SITI NASUHA BINTI MOHD ASRI', 'S2G1', 2, 'BITM'),
('B031810420', 'SITI NUR AMIRA BINTI MOHAMMED ESA', 'S2G1', 2, 'BITM'),
('B031810421', 'NUR SYAHIRA IZZATI BINTI MOHD HUZARJUAIMI', 'S2G1', 2, 'BITM'),
('B031810422', 'OMAR AHMED OMAR AL-AMODI', 'S1G1', 3, 'BITS'),
('B031810423', 'MUAADH ANWAR SALEM MEDSHEL', 'S1G1', 3, 'BITS'),
('B031810424', 'ABDUL SALAM EL MAJZOUB', 'S1G2', 3, 'BITS'),
('B031810425', 'AZLAN BIN ISMAIL', 'S2G1', 2, 'BITE'),
('B031810426', 'MUHAMMAD HARRAZ BIN HARUN', 'S1G1', 3, 'BITI'),
('B031810427', 'NUR AAINA AYUNI BINTI MOHD ISHAK', 'S2G2', 2, 'BITM'),
('B031810429', 'MUHAMMAD FARHAN BIN ABU BAKAR', 'S2G2', 2, 'BITS'),
('B031810430', 'AMIR RASYID RAHIMI BIN ABD RASHID', 'S2G1', 2, 'BITM'),
('B031810431', 'MUHAMMAD ZULDANISH SYADDAD BIN ZULKIFLI', 'S2G1', 2, 'BITE'),
('B031810432', 'ABDULRAHMAN MOHAMMED AHMED TAHA AL-HAZMI', 'S1G1', 3, 'BITS'),
('B031810433', 'MGD MAAZ TAHA YASSIN', 'S1G2', 3, 'BITS'),
('B031810434', 'MOHAMMED M.M. ALSHAMI', 'S1G1', 3, 'BITZ'),
('B031810436', 'HABEEB E SADEED', 'S1G1', 3, 'BITS'),
('B031810437', 'AMEEN NABIL ABDULLAH HAIBAL', 'S1G1', 3, 'BITS'),
('B031810438', 'AL BARASHI RAED BAKIL MOHAMMED', 'S1G2', 3, 'BITS'),
('B031810441', 'FATIMA HASAN SAIF AL-BAKRI', 'S1G1', 3, 'BITZ'),
('B031810442', 'ALMUTASEMBELLAH MOHAMMED SAIF ABDULHAFEDH', 'S1G1', 3, 'BITC'),
('B031810443', 'SOHAIB QARI MUHAMMAD', 'S1G2', 3, 'BITM'),
('B031810444', 'NOOR EZNYRA BINTI KHALID', 'S2G2', 2, 'BITS'),
('B031810445', 'ALI MAZIN OUDAH AL-SAADI', 'S1G1', 3, 'BITC'),
('B031810447', 'IMAM RIZKY PRATAMA', 'S1G1', 3, 'BITS'),
('B031810448', 'AISHA HASAN SAIF AL-BAKRI', 'S1G2', 3, 'BITD'),
('B031810449', 'MUHAMMAD TAUFIK HIDAYAT', 'S1G1', 3, 'BITM'),
('B031810450', 'ARASH DANIEL BIN BAHARUDIN', 'S2G1', 2, 'BITE'),
('B031810451', 'AREEJ FAISAL ELAMIN YOUSIF', 'S1G1', 3, 'BITC'),
('B031810452', 'KHALID TEWFIK MOHAMED', 'S1G2', 3, 'BITI'),
('B031810453', 'ALI ABDULKADER MOHAMMED AL-HADI', 'S1G1', 3, 'BITC'),
('B031810454', 'EISWARY A/P A. SIVALINGAM', 'S2G2', 2, 'BITI'),
('B031810455', 'MUHAMMAD FARID BIN ED NOOR', 'S2G2', 2, 'BITI'),
('B031810456', 'MOHD ZAIRUL HAFIZI BIN MOHD KHALIS', 'S1G1', 3, 'BITM'),
('B031810457', 'NUR ASHYQIN BINTI MOHD ZAMRI', 'S2G1', 2, 'BITC'),
('B031810459', 'MUHAMMAD AIDIL FAHMI BIN ADNAN', 'S1G2', 3, 'BITC'),
('B031810460', 'SAMER MOHAMMED ALI AHMED AL-SERRI', 'S1G1', 3, 'BITS'),
('B031810461', 'FAYSAL BIN SADIQUE', 'S1G1', 3, 'BITD'),
('B031810462', 'NUR HIDAYAH BINTI ROSHASMI', 'S2G1', 2, 'BITS'),
('B031810463', 'MUHAMMAD HASIF BIN KHAIRUL NIZAM', 'S2G2', 2, 'BITS'),
('B031810464', 'KARAM L. M. SHAATH', 'S1G2', 3, 'BITS'),
('B031810465', 'LIM WEI SHENG', 'S2G1', 2, 'BITS'),
('B031810466', 'LUKMAN ARIF BIN MOHD KAMAL', 'S1G1', 3, 'BITM'),
('B031810467', 'NUR AFIQAH BINTI MD NASIR', 'S1G1', 3, 'BITS'),
('B031810468', 'MEOR AMIRUL ASHRAF BIN JAMALULAIL', 'S1G2', 3, 'BITI'),
('B031810469', 'TAHER ALI MOHAMMED ALI MAHRAM', 'S1G1', 3, 'BITS'),
('B031810470', 'ABDALLA SOLIMAN MOHAMED', 'S1G1', 3, 'BITS'),
('B031810474', 'ABDULELAH MAHDI MAHMOOD YAHYA MOHSEN', 'S1G2', 3, 'BITS'),
('B031810999', 'Quek Li Ming', 'S1G1', 4, 'BITI'),
('B031820003', 'NURUL AIDA BINTI ABDUL KAFFAR', 'S1G1', 3, 'BITC'),
('B031820005', 'MUHAMMAD KHALID BIN MOHAMMAD NASER', 'S1G1', 3, 'BITC'),
('B031820007', 'MUHAMMAD AFIF SYAKIR BIN RAZALI', 'S2G2', 2, 'BITS'),
('B031820009', 'NURUL NAJWA BINTI MD NIZAM', 'S2G2', 2, 'BITC'),
('B031820012', 'MOHD HASIF BIN MOHD OMAR', 'S2G1', 2, 'BITZ'),
('B031820013', 'MUHAMMAD FARIS BIN SAMSUDDIN', 'S1G2', 3, 'BITC'),
('B031820014', 'MUHAMMAD ARIEF BIN MOHD ISA', 'S2G1', 2, 'BITC'),
('B031820015', 'DAWIYANTI BINTI ASBEN', 'S2G2', 2, 'BITC'),
('B031820016', 'WAN NURIN JAZMINA BINTI WAN OMAR', 'S2G2', 2, 'BITZ'),
('B031820017', 'FARIS HANNAN BIN ISMAIL', 'S1G1', 3, 'BITI'),
('B031820018', 'SOFEA ARINA BINTI ABDUL GHANI', 'S2G1', 2, 'BITD'),
('B031820019', 'NOR FATIN SHAZWANI BINTI ADNAN', 'S2G1', 2, 'BITZ'),
('B031820020', 'NUR FATIN NISHA MOHAMAD ARSHAD', 'S2G2', 2, 'BITC'),
('B031820021', 'NUR AFIQAH BINTI MAHIZAN', 'S2G2', 2, 'BITD'),
('B031820023', 'ANIS AQILAH BINTI MOHAMED YUSOFF', 'S2G1', 2, 'BITS'),
('B031820025', 'NUR INTAN SYAZIERA BINTI MOHAMAD SALLEH', 'S2G1', 2, 'BITD'),
('B031820026', 'KHOR YUAN MIN', 'S2G2', 2, 'BITD'),
('B031820027', 'MUHAMMAD IQMAL ARIFF BIN MOHD ZAIDI', 'S2G2', 2, 'BITS'),
('B031820028', 'IMAN NURALYSSA BINTI ZAILANI', 'S2G1', 2, 'BITM'),
('B031820029', 'SITI ZULAIKHA BINTI AZMAN', 'S2G1', 2, 'BITI'),
('B031820030', 'HILMAN SYAFIQ BIN NOORSHAFRI', 'S2G2', 2, 'BITZ'),
('B031820031', 'NURUL NASUHA BINTI ZAKARIA', 'S2G2', 2, 'BITC'),
('B031820032', 'SITI NORLYANA BINTI SUHAIMI', 'S1G2', 3, 'BITZ'),
('B031820033', 'SITI FARHANI BINTI MOHAMAD BASAR', 'S1G1', 3, 'BITC'),
('B031820034', 'PHUA KEYIN', 'S2G1', 2, 'BITM'),
('B031820035', 'MUHAMMAD NASIR BIN IZUL', 'S2G1', 2, 'BITD'),
('B031820036', 'AMIRAH NADHIRAH BINTI KAMARUZAMAN', 'S2G2', 2, 'BITZ'),
('B031820037', 'MUHAMMAD ILLAL BIN MD ZAINAL', 'S2G2', 2, 'BITC'),
('B031820038', 'NUR NAJIHATUS SOLEHAH BINTI MOSTAPAH', 'S2G1', 2, 'BITS'),
('B031820040', 'AINA FARHANAH BINTI ZAILAN', 'S2G1', 2, 'BITD'),
('B031820041', 'NUR AIN BINTI MEH', 'S2G2', 2, 'BITC'),
('B031820042', 'ADLINA BINTI ABDUL KADIR', 'S2G2', 2, 'BITZ'),
('B031820043', 'NURAMELYNN IZZATY BINTI HISHAM', 'S2G1', 2, 'BITS'),
('B031820044', 'NUR MAISARAH BINTI ZAINI', 'S2G1', 2, 'BITS'),
('B031820045', 'AMIR SYAHMI BIN SHARI', 'S2G2', 2, 'BITZ'),
('B031820046', 'FATIN LIYANA NASRIN BINTI ROZWARDI', 'S2G2', 2, 'BITD'),
('B031820047', 'MUHAMMAD ANAS BIN MOHD RAMLEE', 'S2G1', 2, 'BITC'),
('B031820048', 'MUHAMMAD HAFIZ BIN JAMIL', 'S2G1', 2, 'BITC'),
('B031820050', 'HISHAMUDIN BIN ALI', 'S2G2', 2, 'BITD'),
('B031820051', 'NUR QUZREEN BINTI MAHFUZ', 'S2G2', 2, 'BITD'),
('B031820052', 'KHOR SIAU WEY', 'S2G1', 2, 'BITD'),
('B031820053', 'MUHAMMAD ZARIF AMIN BIN MOHAMMAD SEDEK', 'S2G1', 2, 'BITC'),
('B031820057', 'NORLIDA FADILLA ABU', 'S1G1', 3, 'BITS'),
('B031820059', 'MUHAMMAD FIKRI BIN JASNI', 'S1G1', 3, 'BITC'),
('B031820060', 'UMI AMIRA BINTI AZHAR', 'S2G2', 2, 'BITS'),
('B031820062', 'SITI HUMAIRA BINTI SARIF', 'S1G2', 3, 'BITC'),
('B031820063', 'SPENCER CHONG CHING YUNG', 'S1G1', 3, 'BITE'),
('B031820070', 'SYAHWAN AIZAT BIN NASIR', 'S2G2', 2, 'BITC'),
('B031820071', 'AIN SYAMSIAH BINTI RAZALI', 'S2G1', 2, 'BITZ'),
('B031820072', 'MOHAMAD ZAKI BIN KHAMIS', 'S2G1', 2, 'BITZ'),
('B031820073', 'NUR DAYANA MUNIRAH BINTI ZAINAL ABIDIN', 'S1G1', 3, 'BITC'),
('B031820074', 'NURUL SHAHIRA BINTI ROSLI', 'S2G2', 2, 'BITD'),
('B031820075', 'ZULHAIRI AIZAD BIN AZMI', 'S2G2', 2, 'BITC'),
('B031820077', 'MUHAMMAD AIDIL HAKIM BIN AHMAD', 'S2G1', 2, 'BITZ'),
('B031820078', 'OMAR ZIDANE BIN ABDUL SHARIFF', 'S2G2', 2, 'BITM'),
('B031820079', 'OMAR DANIEL BIN ABDUL SHARIFF', 'S2G2', 2, 'BITD'),
('B031820080', 'MOHAMAD IZZAT FARHAM BIN ZAHARI', 'S2G1', 2, 'BITM'),
('B031820081', 'NUR FARAH AISYAH BINTI MOHD YURI', 'S2G1', 2, 'BITS'),
('B031820082', 'MUHAMMAD HANIS BIN HALIM', 'S2G2', 2, 'BITZ'),
('B031820083', 'MUHAMMAD AZIZI BIN MOHD ACHA', 'S1G1', 3, 'BITE'),
('B031820084', 'NORNAJWA NADIA BINTI MOHD AZMI', 'S2G2', 2, 'BITD'),
('B031820085', 'NURMALA SARY BINTI SAIDIN', 'S2G1', 2, 'BITZ'),
('B031820086', 'TENGKU MOHAMAD MUAZ BIN TENGKU MOHAMAD ROSMAN', 'S2G1', 2, 'BITZ'),
('B031820088', 'INTAN NABILAH BINTI MOHD DAROS', 'S2G2', 2, 'BITD'),
('B031820089', 'BADRUL MUAZZAM BIN BADRUL FIKLI', 'S2G2', 2, 'BITD'),
('B031820090', 'FARZANA BINTI ARIFFIN', 'S2G1', 2, 'BITZ'),
('B031820091', 'NIK FAZRIN ZAKIRAN BIN MAHADI', 'S2G1', 2, 'BITS'),
('B031820092', 'ARIFAH HUSNA BINTI SUHAIMY', 'S1G1', 3, 'BITE'),
('B031820093', 'MOHAMAD ARIF BIN MASHUDI', 'S2G2', 2, 'BITM'),
('B031820094', 'CHARAE EHSIN', 'S1G2', 3, 'BITI'),
('B031820096', 'IZZAT ALI IMRAN BIN BADERUS', 'S2G2', 2, 'BITS'),
('B031820098', 'SHAMHINIDEVI A/P JAYA BALAN', 'S1G1', 3, 'BITI'),
('B031820099', 'NUR ATHIRAH BINTI KHAIRUJJI', 'S1G2', 3, 'BITC'),
('B031820100', 'SYED ARIF NAJMI BIN SYED SHAHRAN', 'S1G1', 3, 'BITC'),
('B031820101', 'NUR FATIMAH BINTI MD SAIZUDDIN', 'S1G2', 3, 'BITZ'),
('B031820109', 'MUHAMAD IDRIS BIN IBRAHIM', 'S1G1', 3, 'BITE'),
('B031820113', 'SITI NORFATIHAH BINTI AB PATAH', 'S2G1', 2, 'BITC'),
('B031820115', 'FARRAH DARWIESYAH BINTI MOHD ZAMRI', 'S2G2', 2, 'BITS'),
('B031820116', 'MUHAMMAD REDHA BIN ZULKEFLEE', 'S2G2', 2, 'BITS'),
('B031820117', 'AZYANI FATINI BINTI NOOR AZMAN', 'S2G1', 2, 'BITD'),
('B031820476', 'MUHAMMAD FAIZ BIN MOHSIN', 'S1G1', 3, 'BITI'),
('B031820477', 'AHMAD FAUZAN', 'S1G2', 3, 'BITS'),
('B031820478', 'ABDUL HADI MAZBAH', 'S1G1', 3, 'BITS'),
('B031820479', 'GAMAL MOHSEN ALI AL-NOM', 'S1G2', 3, 'BITZ');
INSERT INTO `student` (`noMatric`, `studentName`, `yearGroup`, `cohortID`, `courseCode`) VALUES
('B031820480', 'ABDULLAH ABDULJABBAR AHMED ABDULLAH', 'S1G2', 3, 'BITS'),
('B031820481', 'MOHAMMED MOHSEN MOHAMMED BA LHAMAR', 'S1G1', 3, 'BITC'),
('B031820482', 'MD MAHFUZUR RAHMAN', 'S1G1', 3, 'BITD'),
('B031890999', 'Quek Li Ming', 'S1G1', 5, 'BITD'),
('D031710001', 'RASHIDA ARISYA BINTI RASHID', 'S2G1', 2, 'DIT'),
('D031710005', 'NUR AISAH TAN BINTI OSMAN TAN', 'S2G2', 2, 'DIT'),
('D031710012', 'MUHAMMAD HAIQAL AZRY BIN MOHD AZIM', 'S2G1', 2, 'DIT'),
('D031710013', 'SYAZATUL BATRISYA BINTI ADZANI', 'S2G2', 2, 'DIT'),
('D031710014', 'MOHAMMAD AMIRUL HAQIMI BIN AHMAD ZULIZHAM', 'S2G1', 2, 'DIT'),
('D031710016', 'LIM HENG KAI', 'S2G2', 2, 'DIT'),
('D031710019', 'NURUL SYAKIRA BINTI MUKHTAR', 'S2G1', 2, 'DIT'),
('D031710020', 'MUHAMMAD HIDAYAT BIN MOHD SHUKRI', 'S2G2', 2, 'DIT'),
('D031710024', 'NUR AMYZA BINTI ANUAR', 'S2G1', 2, 'DIT'),
('D031710027', 'MUHAMMAD SYAFIQ BIN HALIM', 'S2G2', 2, 'DIT'),
('D031710033', 'NURUL IZZATI BINTI AHMAD ASMUI', 'S2G1', 2, 'DIT'),
('D031710034', 'NURUL ANIS BINTI ABDUL HADI', 'S2G2', 2, 'DIT'),
('D031710035', 'MUHAMMAD DANIEL AMIRIEN BIN MOHD RAZID', 'S2G1', 2, 'DIT'),
('D031710036', 'FARIS IZWAN BIN AHMAD FAUZI', 'S2G2', 2, 'DIT'),
('D031710037', 'NURUL AMIRAH BINTI MAT ISA', 'S2G1', 2, 'DIT'),
('D031710044', 'MUHAMMAD HAZIQ BIN ABU BAKAR', 'S2G2', 2, 'DIT'),
('D031710046', 'MUHAMMAD AIMAN FAKHRULLAH BIN MANTASAN', 'S2G1', 2, 'DIT'),
('D031710054', 'NUR NAJIHAH BINTI AMIR HAMZAH', 'S2G2', 2, 'DIT'),
('D031710060', 'MUHAMMAD HAQEEM SOLEHAN BIN SALIM', 'S2G1', 2, 'DIT'),
('D031710061', 'NOR AIDIL HAFIZ BIN ABDUL KARIM', 'S2G2', 2, 'DIT'),
('D031710063', 'PRIYA A/P KRISHNAMOORTHY', 'S2G1', 2, 'DIT'),
('D031710067', 'MUHAMMAD AFIQ ISKANDAR BIN MOHAMAD AZRI', 'S2G2', 2, 'DIT'),
('D031710070', 'NIK MUHAMAD AZHAR BIN RAJA SULAIMAN', 'S2G1', 2, 'DIT'),
('D031710071', 'CHAN YAN SHIH', 'S2G2', 2, 'DIT'),
('D031710073', 'NURUL HANIS BINTI BORHAN', 'S2G1', 2, 'DIT'),
('D031710075', 'AHMAD AMMAR BIN FAIZULNUDIN', 'S2G2', 2, 'DIT'),
('D031710080', 'MUHAMMAD SYAFIQ AQIF BIN MOHD SAIPULLIZAN', 'S2G1', 2, 'DIT'),
('D031710081', 'MOHAMAD FAKHRUL WAZIEN BIN MOHD FARED', 'S2G2', 2, 'DIT'),
('D031710085', 'MUHAMMAD RUHAIZAT BIN RUSLAN', 'S2G1', 2, 'DIT'),
('D031710097', 'NUR ALIA FATIMA BINTI MOHAMAD NIZAM', 'S2G2', 2, 'DIT'),
('D031710098', 'AISYAH BINTI MOHAMAD HAFIZUL', 'S2G1', 2, 'DIT'),
('D031710100', 'ALIF BIN ZULFAKA', 'S2G2', 2, 'DIT'),
('D031710102', 'SHAFIQAH NUR ATHIRAH BINTI HASSAN', 'S2G1', 2, 'DIT'),
('D031710103', 'NURUL IZZAH BINTI SHARIFF', 'S2G2', 2, 'DIT'),
('D031710112', 'FARAH UMAIRAH BINTI AZHAR', 'S2G1', 2, 'DIT'),
('D031710116', 'NUR HASLINDA BINTI YUSOF', 'S2G2', 2, 'DIT'),
('D031710119', 'NUR HATIJAH BINTI GHAZALI', 'S2G2', 2, 'DIT'),
('D031710122', 'NURUL AIMAN ASYIQIN BINTI NOR AZRIN', 'S2G1', 2, 'DIT'),
('D031710126', 'IQMAL RIZAL BIN IBRAHIM', 'S2G2', 2, 'DIT'),
('D031710127', 'NURHASYIMATUL AINI BINTI MUSAHRUDIN', 'S2G1', 2, 'DIT'),
('D031710128', 'AHMAD ADI IMAN BIN ZURAIDI', 'S2G2', 2, 'DIT'),
('D031710129', 'MUHAMMAD AIMAN BIN AZALI', 'S2G1', 2, 'DIT'),
('D031710133', 'MOHAMAD NASHARUL IZAM BIN MOHAMAT NASIR', 'S2G2', 2, 'DIT'),
('D031710134', 'KHAIRUL NAIM BIN MOHD NOOR', 'S2G1', 2, 'DIT'),
('D031710135', 'NUR AMANAH BINTI MOHAMAD HANAPIAH', 'S2G2', 2, 'DIT'),
('D031710137', 'FARAH AIN BINTI ABDUL MOKTI', 'S2G1', 2, 'DIT'),
('D031710138', 'RIESHIKESAN A/L MURALEE', 'S2G2', 2, 'DIT'),
('D031710140', 'AMNI FADHLINA BINTI AZIZI', 'S2G1', 2, 'DIT'),
('D031710143', 'NATASHA BINTI NASHARUDDIN', 'S2G2', 2, 'DIT'),
('D031710145', 'MUHAMAD IRFAN IZZUDDIN BIN AZLAN', 'S2G1', 2, 'DIT'),
('D031710149', 'MUHAMMAD AKMAL BIN MOHD SABRI', 'S2G2', 2, 'DIT'),
('D031710153', 'MUGILAN A/L JAYABALAN', 'S2G1', 2, 'DIT'),
('D031710154', 'CHENG JET YIN', 'S2G2', 2, 'DIT'),
('D031710159', 'FARHANA AMALIA BINTI MOHD YASIN', 'S2G1', 2, 'DIT'),
('D031710161', 'SHAZWIN NAJWA BINTI ABD. RAZAK', 'S2G2', 2, 'DIT'),
('D031710163', 'MOHD ZHAFIR BIN ABD GHANI', 'S2G1', 2, 'DIT'),
('D031710164', 'FATIN NAJIHA BINTI MOHD TARMIDI', 'S2G2', 2, 'DIT'),
('D031710168', 'NUR FATINI AMIRAH BINTI SAAD', 'S2G1', 2, 'DIT'),
('D031710170', 'LIM CHIAN FANG', 'S2G2', 2, 'DIT'),
('D031710171', 'MUHAMAD AIMAN ZAKIR BIN KAMARUL ZAMAN', 'S2G1', 2, 'DIT'),
('D031710173', 'AHMAD SYUHAIDI MOHD ROZI', 'S2G2', 2, 'DIT'),
('D031710177', 'NURUL FAZLIANA BINTI MOHD FAZIL', 'S2G1', 2, 'DIT'),
('D031710183', 'TAN WEI JUN', 'S2G2', 2, 'DIT'),
('D031710184', 'MUHAMMAD ANAS BIN MOHD HASSAN', 'S2G1', 2, 'DIT'),
('D031710193', 'NURUL SAKINA BINTI AHMAD SULTAN', 'S2G2', 2, 'DIT'),
('D031710195', 'PUTERA IZZMET BIN MOHAMMAD A`SRI', 'S2G1', 2, 'DIT'),
('D031710198', 'NUR ANATI BINTI BIDIN', 'S2G2', 2, 'DIT'),
('D031710199', 'AHMAD RAZIQ DANISH BIN AMIRRUDDIN', 'S2G1', 2, 'DIT'),
('D031710200', 'NUR NAJIHAH BINTI MOHD ZUBIR', 'S2G2', 2, 'DIT'),
('D031710201', 'DINIE IRHAM BIN MD EMRAN', 'S2G1', 2, 'DIT'),
('D031710204', 'MUHAMMAD IMRAN BIN ISMAIL', 'S2G2', 2, 'DIT'),
('D031710206', 'AINUL SYAHADAH BINTI MOHD NORDIN', 'S2G1', 2, 'DIT'),
('D031710207', 'NUR ALIAH ANIQAH BINTI ZUL FAKHRI', 'S2G2', 2, 'DIT'),
('D031710210', 'MUHAMMAD FAREEZ ISKANDAR BIN MOHD SAZLEE', 'S2G1', 2, 'DIT'),
('D031710211', 'AIMAN SHAFIQ BIN KAMARULZAMAN', 'S2G2', 2, 'DIT'),
('D031710230', 'NURUL NAJIHAH BINTI AMER', 'S2G1', 2, 'DIT'),
('D031710233', 'AMAR SYAZWAN BIN ZAINUDDIN', 'S2G2', 2, 'DIT'),
('D031710237', 'NUR ASYIKIN BINTI ISHAK', 'S2G1', 2, 'DIT'),
('D031710238', 'MUHAMMAD HAFIZI BIN MOHAMAD NAJIB', 'S2G2', 2, 'DIT'),
('D031710239', 'AFIF SYAZWAN BIN RAMLI', 'S2G1', 2, 'DIT'),
('D031710247', 'MUHAMMAD ZULFADHLI SHAH BIN MOHD AMIN', 'S2G2', 2, 'DIT'),
('D031710250', 'NUR BAZILAH HIDAYAH BINTI JAIRUNAZMAN', 'S2G1', 2, 'DIT'),
('D031710253', 'SITI NOR FATIHA BINTI MOHAMAD SUAEIDI', 'S2G2', 2, 'DIT'),
('D031710260', 'MUHAMMAD AIMAN BIN MOHD NOR AZMAN', 'S2G1', 2, 'DIT'),
('D031710263', 'MUHAMMAD FAKHRURAZI BIN FAZAL HAIZAD', 'S2G2', 2, 'DIT'),
('D031710264', 'SITI NUR MUTMAINAH BINTI MASIAD', 'S2G1', 2, 'DIT'),
('D031710265', 'MUHAMMAD HAIRUL IRWAN BIN MOHD HASMI', 'S2G2', 2, 'DIT'),
('D031710266', 'NUR AMYRA BINTI ANUAR', 'S2G1', 2, 'DIT'),
('D031710267', 'ANG JOHN LEE', 'S2G2', 2, 'DIT'),
('D031710268', 'WAN MUHAMMAD ISMAT BIN WAN AZMY', 'S2G1', 2, 'DIT'),
('D031710269', 'AMIR WAFIQ AIZAT BIN KAMARUDIN', 'S2G2', 2, 'DIT'),
('D031710270', 'MUHAMMAD AMSYAR BIN HAMDAN', 'S2G1', 2, 'DIT'),
('D031710271', 'HAIQAL BIN IDRIS', 'S2G2', 2, 'DIT'),
('D031710274', 'MAIZATUL NUR AKHIRAH BINTI ZAINUDIN', 'S2G1', 2, 'DIT'),
('D031710276', 'DINESH KUMARAN A/L RAVISELVAM', 'S2G2', 2, 'DIT'),
('D031710277', 'NUR FATIN AFIQAH BINTI ABDUL MU\'IZZ', 'S2G1', 2, 'DIT'),
('D031710279', 'SAKINAH SASA SUN SHINE BINTI AHMAD SUUDI', 'S2G2', 2, 'DIT'),
('D031710280', 'MUHAMAD HAZIRUL SYAHDAN BIN KHAIROL AZHAR', 'S2G1', 2, 'DIT'),
('D031710282', 'NURASYIKIN BINTI HASSAN', 'S2G2', 2, 'DIT'),
('D031710284', 'CHONG HAO KEAT', 'S2G1', 2, 'DIT'),
('D031710285', 'NURUL IZZATI BINTI SUHAIMI', 'S2G2', 2, 'DIT'),
('D031710286', 'ZULAZRI BIN ZULKARNAIN', 'S2G1', 2, 'DIT'),
('D031710287', 'HOO HUI YING', 'S2G2', 2, 'DIT'),
('D031710288', 'NUR HUSNA BINTI HASHIKI @ HASHIKIN', 'S2G1', 2, 'DIT'),
('D031710289', 'DINESH KUMAR A/L GOBY KRISHNAN', 'S2G2', 2, 'DIT'),
('D031710293', 'MUHAMMAD HAIRI BIN JOHARI', 'S2G1', 2, 'DIT'),
('D031710295', 'UMIZATUL SYAHIIDA BINTI RAJMAL', 'S2G2', 2, 'DIT'),
('D031710297', 'MUHAMMAD DANISH BIN ABDUL GHANI', 'S2G1', 2, 'DIT'),
('D031710298', 'MUHAMMAD HAFIZ BIN MAZLAN', 'S2G2', 2, 'DIT'),
('D031710301', 'KHOR KAI XIN', 'S2G1', 2, 'DIT'),
('D031710303', 'NUR FATIN NAZIHAH BINTI AZMAN', 'S2G2', 2, 'DIT'),
('D031710310', 'AHMAD AZRI BIN ABD RAZAK', 'S2G1', 2, 'DIT'),
('D031710311', 'TAN CHOR YUIN', 'S2G2', 2, 'DIT'),
('D031710313', 'WAN TAQRIS NAQIB BIN WAN RAZMAN', 'S2G1', 2, 'DIT'),
('D031710314', 'NOOR HIDAYAH BINTI MOHD ALI', 'S2G2', 2, 'DIT'),
('D031710315', 'AMIR AIMAN BIN ANUAR', 'S2G1', 2, 'DIT'),
('D031710317', 'MUHAMMAD AKMAL KHAIRI BIN ABDUL HALIM', 'S2G2', 2, 'DIT'),
('D031710319', 'MUHAMMAD SAHRIZ AJMAL BIN SAHRUDIN', 'S2G1', 2, 'DIT'),
('D031710320', 'MOHAMMAD AIZAT FIKRI BIN DAUD', 'S2G2', 2, 'DIT'),
('D031710321', 'PUTRI NURDINI BINTI REDUAN', 'S2G1', 2, 'DIT'),
('D031710322', 'LUQMAN HAKIM BIN MOHD NASIR', 'S2G2', 2, 'DIT'),
('D031710325', 'NUR FARRAH AIEN BINTI MD LASIM', 'S2G1', 2, 'DIT'),
('D031710326', 'NUR IZZATUL NAJWA BINTI IZAHAM', 'S2G2', 2, 'DIT'),
('D031710327', 'MUHAMMAD FAIQ AIDID SAFIAN BIN ABDULLAH', 'S2G1', 2, 'DIT'),
('D031710328', 'NURUL NADHIRAH BINTI MOHAMAD AZAM', 'S2G2', 2, 'DIT'),
('D031710329', 'AMMAR ASH-SYAUQI BIN ZULKIFFLI', 'S2G1', 2, 'DIT'),
('D031710330', 'MUHAMAD AQRIMI FIRDAUS BIN MOHD FAZLI', 'S2G2', 2, 'DIT'),
('D031710331', 'JAU TERN JIAN', 'S2G1', 2, 'DIT'),
('D031710332', 'NUR ANNAJWA BINTI AHMAD MUTADZA', 'S2G2', 2, 'DIT'),
('D031710333', 'LUQMAN NUR HAKIM BIN ABD RAZAK', 'S2G1', 2, 'DIT'),
('D031710334', 'AMIRUL BIN MOHAMMAD', 'S2G2', 2, 'DIT'),
('D031810001', 'FATIN ZULAIKHA BINTI SHAMSUL RIZAL', 'S1G1', 3, 'DIT'),
('D031810007', 'RUZ HANNANI EZREEN BINTI RUZHAITHAM', 'S1G2', 3, 'DIT'),
('D031810008', 'LIM XIN YEE', 'S1G1', 3, 'DIT'),
('D031810012', 'MUHAMMAD RIFQI BIN RAMLAN', 'S1G1', 3, 'DIT'),
('D031810013', 'MOHAMAD ALIFF BIN MOHAMAD ZIN', 'S1G2', 3, 'DIT'),
('D031810019', 'FATIN NAJIHAH BINTI FAUZI', 'S1G1', 3, 'DIT'),
('D031810024', 'NURUL AMIRAH BINTI ABU BAKAR', 'S1G2', 3, 'DIT'),
('D031810026', 'IZZATUL SOFEAH BINTI ABDUL HALIM', 'S1G1', 3, 'DIT'),
('D031810030', 'AINA ASHIQIN BINTI HASSAN', 'S1G1', 3, 'DIT'),
('D031810032', 'NUR SYAKIRAH BINTI ROSLAN', 'S1G2', 3, 'DIT'),
('D031810034', 'MUHAMAD ADIB FAHMI BIN MUHAMAD SHUKRI', 'S1G1', 3, 'DIT'),
('D031810035', 'NURUL ANIS NAJWA BINTI MOHD KAMARULZAMAN', 'S1G1', 3, 'DIT'),
('D031810040', 'HALIMAH BINTI JENSANI', 'S1G2', 3, 'DIT'),
('D031810043', 'NURUL ALIA FATIHAH BINTI SHAHRUL ANUAR', 'S1G1', 3, 'DIT'),
('D031810044', 'NURUL SHAZWANI BINTI RAZALI', 'S1G1', 3, 'DIT'),
('D031810047', 'ALEXANDER ANAK ADRIAN', 'S1G2', 3, 'DIT'),
('D031810054', 'MUHAMAD AIMAN BIN MOKHTAR', 'S1G1', 3, 'DIT'),
('D031810055', 'MUHAMAD NUR HAZIQ BIN AINORAZAHAR', 'S1G1', 3, 'DIT'),
('D031810059', 'MUHAMAD KHAIRUL AZAM BIN SAYUTI', 'S1G2', 3, 'DIT'),
('D031810061', 'WAN NAZIF DANIAL BIN WAN MOHD NAZLEE', 'S1G1', 3, 'DIT'),
('D031810063', 'NURUL AIN FATEHAH BINTI MOHD SHAM', 'S1G1', 3, 'DIT'),
('D031810066', 'NURUL FARHANA BINTI KHAIRUDIN', 'S1G2', 3, 'DIT'),
('D031810068', 'NOOR RAIHANAH BINTI NOOR BAHARIM', 'S1G1', 3, 'DIT'),
('D031810070', 'MUHAMMAD FIKRI DANIAL BIN ROSDI', 'S1G1', 3, 'DIT'),
('D031810071', 'MUHAMMAD ADDINUL ARIF BIN AHMED', 'S1G2', 3, 'DIT'),
('D031810074', 'MUHAMMAD HAZIM BIN AZHAR', 'S1G1', 3, 'DIT'),
('D031810077', 'LIM SHEN HUI', 'S1G1', 3, 'DIT'),
('D031810081', 'MUHAMMAD FIRDAUS HAFIZI BIN SABRI', 'S1G2', 3, 'DIT'),
('D031810083', 'SITI NUR YASIRAH BINTI MOHD YUSOF', 'S1G1', 3, 'DIT'),
('D031810089', 'MUHAMMAD IZHAM BIN NORHAMADI', 'S1G1', 3, 'DIT'),
('D031810090', 'AMIRUL ASYRAAF BIN ASRI', 'S1G2', 3, 'DIT'),
('D031810092', 'GAN LEE SHYAN', 'S1G1', 3, 'DIT'),
('D031810094', 'NUR HIDAYAH BINTI MD ASHADU HAQUE', 'S1G1', 3, 'DIT'),
('D031810096', 'LAW LIP YANG', 'S1G2', 3, 'DIT'),
('D031810097', 'NURUL ARIFAH BINTI ABD RAHMAN', 'S1G1', 3, 'DIT'),
('D031810098', 'NUR ILYANA SYAHIRAH BINTI MOHAMAD AZHAR', 'S1G2', 3, 'DIT'),
('D031810102', 'PEGGY YEO', 'S1G1', 3, 'DIT'),
('D031810110', 'MUHAMMAD IMRAN BIN ROSLI', 'S1G1', 3, 'DIT'),
('D031810112', 'KOO CHUN CHENG', 'S1G2', 3, 'DIT'),
('D031810122', 'MOHAMAD FIRDAUS BIN SARIFF', 'S1G1', 3, 'DIT'),
('D031810124', 'VEENIDA A/P SUBON', 'S1G1', 3, 'DIT'),
('D031810125', 'NURUL IZATY BINTI ABU HASAN', 'S1G2', 3, 'DIT'),
('D031810126', 'MASHITAH BINTI MOHD ARIFIN', 'S1G1', 3, 'DIT'),
('D031810130', 'AISAMUDDIN FAUZAN BIN AB FATAH', 'S1G1', 3, 'DIT'),
('D031810132', 'AIDA REENA BINTI MD MUSA', 'S1G2', 3, 'DIT'),
('D031810134', 'NORHAZIFA BINTI HARUM', 'S1G1', 3, 'DIT'),
('D031810135', 'NORDIANA BINTI ABD JALIL', 'S1G1', 3, 'DIT'),
('D031810139', 'AISYAH AMALIN BINTI ABDUL JABAR', 'S1G1', 3, 'DIT'),
('D031810146', 'NURNAJIHAH BINTI JEFRY', 'S1G2', 3, 'DIT'),
('D031810148', 'MUHAMMAD IKMAL BIN MAZLAN', 'S1G1', 3, 'DIT'),
('D031810154', 'MUHAMMAD HAZMAN BIN MUKTAR', 'S1G1', 3, 'DIT'),
('D031810155', 'NUR LIANA BALQIS BINTI MOHD FAUZI', 'S1G2', 3, 'DIT'),
('D031810158', 'LAI KAH HENG', 'S1G1', 3, 'DIT'),
('D031810160', 'FIONA LIM PEI SHI', 'S1G1', 3, 'DIT'),
('D031810162', 'WAN MUHAMMAD FIRDAUS BIN ABDUL LATIP', 'S1G2', 3, 'DIT'),
('D031810163', 'AHMAD WAJDI BIN AHMAD RIDZWAN', 'S1G1', 3, 'DIT'),
('D031810165', 'MUHAMMAD AZRUL AMIN BIN INDRA KANNADY', 'S1G1', 3, 'DIT'),
('D031810167', 'MUHAMMAD ALIFF NAJMI BIN AZLAN', 'S1G2', 3, 'DIT'),
('D031810169', 'SITI NURQASDINA BINTI MOHAMAD KAMAL', 'S1G1', 3, 'DIT'),
('D031810174', 'IRSHAD NAZREE BIN BASHA AZREEN', 'S1G1', 3, 'DIT'),
('D031810177', 'NUR AZRA AQILAH BINTI MOHD RAZALI', 'S1G2', 3, 'DIT'),
('D031810180', 'AHMAD SHA HERIZAM BIN TAHIR', 'S1G1', 3, 'DIT'),
('D031810181', 'MUHAMMAD LUQMAN HAKIM BIN AHMAD NIZAM', 'S1G1', 3, 'DIT'),
('D031810182', 'MUHAMMAD IZZAT BIN MOHD RAMLI', 'S1G2', 3, 'DIT'),
('D031810188', 'SYED AHMAD HARITH IZZAT BIN SYED HUSIN AZMI', 'S1G1', 3, 'DIT'),
('D031810191', 'MOHAMMAD AZWA FAHMI BIN RAMLI', 'S1G1', 3, 'DIT'),
('D031810192', 'ANI ZAHIDAH BINTI MD SIDEK', 'S1G1', 3, 'DIT'),
('D031810193', 'FATIN SYAZWANI BINTI BAHTIAR', 'S1G2', 3, 'DIT'),
('D031810200', 'NURKHALISA BINTI MOHD TOHIR', 'S1G1', 3, 'DIT'),
('D031810201', 'DANIAL SUFFIAN BIN RAMLAN', 'S1G1', 3, 'DIT'),
('D031810205', 'MUHAMMAD KHAIZURAN ZAKWAN BIN MAAROF', 'S1G1', 3, 'DIT'),
('D031810207', 'UNGKU SHIRIN ZAHRA BINTI UNGKU SARIPULAKTHAR', 'S1G2', 3, 'DIT'),
('D031810209', 'MUHAMMAD AMIR SYUKRI BIN AMIRUDDIN', 'S1G1', 3, 'DIT'),
('D031810212', 'NUR SYAZLIN BINTI MOHD FAUZAN', 'S1G1', 3, 'DIT'),
('D031810213', 'MUHAMMAD WAFIQ BIN MOHD JAFREE', 'S1G2', 3, 'DIT'),
('D031810230', 'KHAIRUL EIDLAN BIN HAIRUL NIZAM', 'S1G1', 3, 'DIT'),
('D031810231', 'NUR ARINA IZZATI BINTI AMIR', 'S1G1', 3, 'DIT'),
('D031810235', 'NURUL AISYAH BINTI ARIS', 'S1G2', 3, 'DIT'),
('D031810237', 'MUHAMMAD IZZULSYAZWAN BIN ZALI', 'S1G1', 3, 'DIT'),
('D031810240', 'AIN FATIHAH AIMAN BINTI MOHD YUSSUF', 'S1G1', 3, 'DIT'),
('D031810241', 'MUHAMMAD DANIAL BIN BADRUL HISHAM', 'S1G2', 3, 'DIT'),
('D031810244', 'SOO KAI TAO', 'S1G1', 3, 'DIT'),
('D031810245', 'MUHAMMAD KHALIF ASYARA BIN NOOR SHANSUDDIN', 'S1G1', 3, 'DIT'),
('D031810246', 'FARHAN ASHRAFI BIN FAIZAL ASFAN', 'S1G2', 3, 'DIT'),
('D031810249', 'SITI UMAIRAH BINTI ZAINAL', 'S1G1', 3, 'DIT'),
('D031810250', 'NUR AIMI NADHIRAH BINTI ZAINUDIN', 'S1G1', 3, 'DIT'),
('D031810252', 'AIMAN HAKIMI BIN SAIFUL NIZAM', 'S1G2', 3, 'DIT'),
('D031810253', 'FAIZATUL AKMAL BINTI MUSLEH', 'S1G1', 3, 'DIT'),
('D031810255', 'BAN LI XIAN', 'S1G1', 3, 'DIT'),
('D031810259', 'AHMED AL HAKIMI BIN MOHD NAJIB', 'S1G2', 3, 'DIT'),
('D031810261', 'NELLIE CHONG', 'S1G1', 3, 'DIT'),
('D031810264', 'MUHAMMAD ZUL HANIF BIN NORDIN', 'S1G1', 3, 'DIT'),
('D031810270', 'SHANGGEETHA A/P JEGANATHAN', 'S1G2', 3, 'DIT'),
('D031810272', 'IMAN SALSABILA BINTI MD HAKIM', 'S1G1', 3, 'DIT'),
('D031810273', 'TUAN NUR AMIRAH BINTI TUAN MOHD IZANI', 'S1G1', 3, 'DIT'),
('D031810279', 'MUHAMMAD EIZZAT BIN AZIZAM', 'S1G2', 3, 'DIT'),
('D031810287', 'NUR AFIQAH BINTI SHAHRULNIZAM', 'S1G1', 3, 'DIT'),
('D031810288', 'TAY GUI XIAN', 'S1G1', 3, 'DIT'),
('D031810290', 'NUR DINI MARSYA BINTI AHMAD SHUKOR', 'S1G2', 3, 'DIT'),
('D031810291', 'SITI KHAIZURA BINTI KHALIDAN', 'S1G1', 3, 'DIT'),
('D031810292', 'AFFENDY ELYAS BIN AZHARI SHARIDAN', 'S1G1', 3, 'DIT'),
('D031810293', 'AHMAD NAJMI BIN AHMAD ROJAMUDDIN', 'S1G2', 3, 'DIT'),
('D031810294', 'CAROL LIM', 'S1G1', 3, 'DIT'),
('D031810296', 'MUHAMMAD RAMADHAN BIN KAMARULZAMAN', 'S1G2', 3, 'DIT'),
('D031810306', 'ALVIN BRADLEY NONIS', 'S1G1', 3, 'DIT'),
('D031810312', 'NUR SHAHIRAH FITRIA BINTI SAIDIS', 'S1G1', 3, 'DIT'),
('D031810314', 'MUHAMAD NAJMI BIN ABDUL RASHID', 'S1G1', 3, 'DIT'),
('D031810316', 'SITI NUR ALYA BINTI ROSLI', 'S1G2', 3, 'DIT'),
('D031810318', 'NURFITRI IZZATI BINTI ABU BAKAR', 'S1G1', 3, 'DIT'),
('D031810319', 'MOHAMMAD NOOR AIMAN BIN EZANI', 'S1G2', 3, 'DIT'),
('D031810321', 'IRDINA WAFA BINTI MAHAMMAD', 'S1G1', 3, 'DIT'),
('D031810324', 'NURUL ATIQAH BINTI MOHD ARIFF', 'S1G1', 3, 'DIT'),
('D031810325', 'AHMAD IDZHAN BIN MOHD ROSLI', 'S1G2', 3, 'DIT'),
('D031810326', 'ARIEF MUIZZUDDIN BIN KHALID', 'S1G1', 3, 'DIT'),
('D031810327', 'EUNICE FOO XUAN XUAN', 'S1G1', 3, 'DIT'),
('D031810329', 'MUHAMMAD ZAIHAN BIN DAUD', 'S1G1', 3, 'DIT'),
('D031810330', 'NUR ADRIANA DELILA BINTI MOHAMAD FAUZI', 'S1G2', 3, 'DIT'),
('D031810331', 'MUHAMMAD AMIRUL NAJMI BIN MOHD FADZIL', 'S1G1', 3, 'DIT'),
('D031810332', 'SHARVIN A/L GANESON', 'S1G1', 3, 'DIT'),
('D031810333', 'FATIN SAKINAH ASSALEH BINTI MOHD ZAINUDIN', 'S1G2', 3, 'DIT'),
('D031810334', 'NUR AINA NABILAH BINTI MUSBAH', 'S1G1', 3, 'DIT'),
('D031810335', 'PARSAD A/L RAGUNATHAN', 'S1G1', 3, 'DIT'),
('D031810337', 'NAQIUDDIN BIN HISHAMMUDON SHAH', 'S1G2', 3, 'DIT'),
('D031810338', 'MUHAMAD HAZMIE HARITH BIN MOHD IDRIS', 'S1G1', 3, 'DIT'),
('D031810339', 'AHMAD IKHWAN HAZIQ BIN IBRAHIM', 'S1G1', 3, 'DIT'),
('D031810340', 'MUHAMMAD ILYAS BIN AZAHIR', 'S1G1', 3, 'DIT'),
('D031810341', 'YAGULESAN A/L ARUMUGAM', 'S1G2', 3, 'DIT'),
('D031810342', 'MUHAMMAD FAZRI HAKIM BIN ABD RAZAK', 'S1G1', 3, 'DIT'),
('D031810344', 'MUHAMMAD NAZMI BIN NORDIN', 'S1G1', 3, 'DIT'),
('D031810345', 'MUHAMMAD AFIQ ASYRAF BIN ABU SAMAH', 'S1G2', 3, 'DIT'),
('D031810347', 'NUR ATHIRAH HUSNA BINTI RADZUAN', 'S1G1', 3, 'DIT'),
('D031810348', 'XAVIER NG CHIN XU', 'S1G1', 3, 'DIT'),
('D031810349', 'HAW YUAN KANG', 'S1G2', 3, 'DIT'),
('D031810353', 'AHMAD AZAM BIN ABDUL NASIR', 'S1G1', 3, 'DIT'),
('D031810354', 'AZIM AMIZIE BIN SAHAREN', 'S1G1', 3, 'DIT'),
('D031810357', 'NAZMI AIMAN BIN SAZALI', 'S1G2', 3, 'DIT'),
('D031810358', 'NURAINA NAJWA BINTI HALIM', 'S1G1', 3, 'DIT'),
('D031810361', 'RAIHANA PUTERI BINTI MOHAMAD HASSAN', 'S1G1', 3, 'DIT'),
('D031810362', 'MOHAMAD IQBAL QAIYUM BIN ISHAK', 'S1G2', 3, 'DIT'),
('D031810363', 'MUHAMMAD RAHMATUR RAHMAN BIN MOHAMAD NAZIR', 'S1G1', 3, 'DIT'),
('D031810364', 'SITI NUR AQILAH BINTI MOHD NIZAM', 'S1G1', 3, 'DIT'),
('D031810365', 'NURUL NAJIHAN BINTI AZHAR', 'S1G2', 3, 'DIT'),
('D031810366', 'NUR NADHIRAH BINTI MUHAMMAD NOR HISAM', 'S1G1', 3, 'DIT'),
('D031810367', 'NUR AMIRA AIZA BINTI MOHD SAFRI', 'S1G1', 3, 'DIT'),
('D031810368', 'MUHAMMAD AIMAN BIN REDUAN', 'S1G2', 3, 'DIT'),
('D031810370', 'NOR AZMYRYNA BINTI MOHD AZHAR', 'S1G1', 3, 'DIT'),
('D031810371', 'ETHAN LEW', 'S1G1', 3, 'DIT'),
('D031810372', 'MUHAMMAD SAIFUDDIN BIN SHAHRIN', 'S1G2', 3, 'DIT'),
('D031810373', 'OOI HUI SHAN', 'S1G1', 3, 'DIT'),
('D031810374', 'AIZADTUL ALEYA BINTI RADZALI', 'S1G1', 3, 'DIT'),
('D031810376', 'AIMAN SYAHRIZUAN BIN MOHD YUNOS', 'S1G2', 3, 'DIT'),
('D031810377', 'TAN WEI YIN', 'S1G1', 3, 'DIT'),
('D031810378', 'MUHAMMAD ARIF FIRDAUS BIN MD ZABIDI', 'S1G2', 3, 'DIT'),
('D031810379', 'MUHAMAD SYAFIQ BIN MOHD SALIHIN', 'S1G1', 3, 'DIT'),
('D031810380', 'SYAFIQAH DURRAH BINTI IBRAHIM', 'S1G2', 3, 'DIT'),
('D031810382', 'CHENG YI HAN', 'S1G1', 3, 'DIT');

-- --------------------------------------------------------

--
-- Table structure for table `user`
--

CREATE TABLE `user` (
  `userID` int(11) NOT NULL,
  `userName` varchar(255) DEFAULT NULL,
  `userPassword` varchar(255) DEFAULT NULL,
  `name` varchar(255) DEFAULT NULL,
  `role` varchar(255) DEFAULT NULL
) ENGINE=InnoDB DEFAULT CHARSET=latin1;

--
-- Dumping data for table `user`
--

INSERT INTO `user` (`userID`, `userName`, `userPassword`, `name`, `role`) VALUES
(3, 'admin', '21232f297a57a5a743894a0e4a801fc3', 'admin', 'admin'),
(4, 'trainer', '2c065aae9fcb37b49043a5a2012b3dbf', 'trainerName', 'trainer'),
(5, 'admin1 ', 'e00cf25ad42683b3df678c61f42c6bda', 'admin1', 'admin'),
(6, 'user1', '24c9e15e52afc47c225b757e7bee1f9d', 'user1', 'admin'),
(8, 'trainer2', '6662f54a6c5033357408e6839a5c0a05', 'trainer2', 'trainer'),
(9, 'admin1', 'e00cf25ad42683b3df678c61f42c6bda', 'admin1', 'admin'),
(10, 'trainer3', '72977b63f9bf5a01f30bfe2ca802a3c1', 'trainer3', 'trainer'),
(11, 'trainer3', '72977b63f9bf5a01f30bfe2ca802a3c1', 'trainer3', 'trainer');

--
-- Indexes for dumped tables
--

--
-- Indexes for table `certacquire`
--
ALTER TABLE `certacquire`
  ADD PRIMARY KEY (`acquireID`),
  ADD KEY `noMatric` (`noMatric`),
  ADD KEY `attendantID` (`attendantID`),
  ADD KEY `certID` (`certID`);

--
-- Indexes for table `certificate`
--
ALTER TABLE `certificate`
  ADD PRIMARY KEY (`certID`);

--
-- Indexes for table `class`
--
ALTER TABLE `class`
  ADD PRIMARY KEY (`classID`),
  ADD KEY `userID` (`userID`),
  ADD KEY `certID` (`certID`),
  ADD KEY `cohortID` (`cohortID`);

--
-- Indexes for table `classattendance`
--
ALTER TABLE `classattendance`
  ADD PRIMARY KEY (`attendantID`),
  ADD KEY `noMatric` (`noMatric`),
  ADD KEY `classID` (`classID`);

--
-- Indexes for table `cohort`
--
ALTER TABLE `cohort`
  ADD PRIMARY KEY (`cohortID`);

--
-- Indexes for table `cohortcertdetails`
--
ALTER TABLE `cohortcertdetails`
  ADD PRIMARY KEY (`cohortcertID`),
  ADD KEY `certID` (`certID`),
  ADD KEY `cohortID` (`cohortID`),
  ADD KEY `deptCode` (`deptCode`);

--
-- Indexes for table `department`
--
ALTER TABLE `department`
  ADD PRIMARY KEY (`CourseCode`);

--
-- Indexes for table `payment`
--
ALTER TABLE `payment`
  ADD PRIMARY KEY (`paymentID`),
  ADD KEY `noMatric` (`noMatric`);

--
-- Indexes for table `student`
--
ALTER TABLE `student`
  ADD PRIMARY KEY (`noMatric`),
  ADD KEY `cohortID` (`cohortID`),
  ADD KEY `deptCode` (`courseCode`);

--
-- Indexes for table `user`
--
ALTER TABLE `user`
  ADD PRIMARY KEY (`userID`);

--
-- AUTO_INCREMENT for dumped tables
--

--
-- AUTO_INCREMENT for table `certacquire`
--
ALTER TABLE `certacquire`
  MODIFY `acquireID` int(11) NOT NULL AUTO_INCREMENT, AUTO_INCREMENT=3;

--
-- AUTO_INCREMENT for table `certificate`
--
ALTER TABLE `certificate`
  MODIFY `certID` int(11) NOT NULL AUTO_INCREMENT, AUTO_INCREMENT=8;

--
-- AUTO_INCREMENT for table `class`
--
ALTER TABLE `class`
  MODIFY `classID` int(11) NOT NULL AUTO_INCREMENT, AUTO_INCREMENT=70;

--
-- AUTO_INCREMENT for table `classattendance`
--
ALTER TABLE `classattendance`
  MODIFY `attendantID` int(11) NOT NULL AUTO_INCREMENT, AUTO_INCREMENT=246;

--
-- AUTO_INCREMENT for table `cohort`
--
ALTER TABLE `cohort`
  MODIFY `cohortID` int(11) NOT NULL AUTO_INCREMENT, AUTO_INCREMENT=14;

--
-- AUTO_INCREMENT for table `cohortcertdetails`
--
ALTER TABLE `cohortcertdetails`
  MODIFY `cohortcertID` int(11) NOT NULL AUTO_INCREMENT, AUTO_INCREMENT=9;

--
-- AUTO_INCREMENT for table `payment`
--
ALTER TABLE `payment`
  MODIFY `paymentID` int(11) NOT NULL AUTO_INCREMENT, AUTO_INCREMENT=3434;

--
-- AUTO_INCREMENT for table `user`
--
ALTER TABLE `user`
  MODIFY `userID` int(11) NOT NULL AUTO_INCREMENT, AUTO_INCREMENT=12;

--
-- Constraints for dumped tables
--

--
-- Constraints for table `certacquire`
--
ALTER TABLE `certacquire`
  ADD CONSTRAINT `certacquire_ibfk_1` FOREIGN KEY (`noMatric`) REFERENCES `student` (`noMatric`),
  ADD CONSTRAINT `certacquire_ibfk_2` FOREIGN KEY (`attendantID`) REFERENCES `classattendance` (`attendantID`),
  ADD CONSTRAINT `certacquire_ibfk_3` FOREIGN KEY (`certID`) REFERENCES `certificate` (`certID`);

--
-- Constraints for table `class`
--
ALTER TABLE `class`
  ADD CONSTRAINT `class_ibfk_1` FOREIGN KEY (`userID`) REFERENCES `user` (`userID`),
  ADD CONSTRAINT `class_ibfk_2` FOREIGN KEY (`certID`) REFERENCES `certificate` (`certID`),
  ADD CONSTRAINT `class_ibfk_3` FOREIGN KEY (`cohortID`) REFERENCES `cohort` (`cohortID`);

--
-- Constraints for table `classattendance`
--
ALTER TABLE `classattendance`
  ADD CONSTRAINT `classattendance_ibfk_1` FOREIGN KEY (`noMatric`) REFERENCES `student` (`noMatric`),
  ADD CONSTRAINT `classattendance_ibfk_2` FOREIGN KEY (`classID`) REFERENCES `class` (`classID`);

--
-- Constraints for table `cohortcertdetails`
--
ALTER TABLE `cohortcertdetails`
  ADD CONSTRAINT `cohortcertdetails_ibfk_1` FOREIGN KEY (`certID`) REFERENCES `certificate` (`certID`),
  ADD CONSTRAINT `cohortcertdetails_ibfk_2` FOREIGN KEY (`cohortID`) REFERENCES `cohort` (`cohortID`),
  ADD CONSTRAINT `cohortcertdetails_ibfk_3` FOREIGN KEY (`deptCode`) REFERENCES `department` (`CourseCode`);

--
-- Constraints for table `payment`
--
ALTER TABLE `payment`
  ADD CONSTRAINT `payment_ibfk_1` FOREIGN KEY (`noMatric`) REFERENCES `student` (`noMatric`);

--
-- Constraints for table `student`
--
ALTER TABLE `student`
  ADD CONSTRAINT `student_ibfk_2` FOREIGN KEY (`cohortID`) REFERENCES `cohort` (`cohortID`),
  ADD CONSTRAINT `student_ibfk_3` FOREIGN KEY (`courseCode`) REFERENCES `department` (`CourseCode`);
COMMIT;

/*!40101 SET CHARACTER_SET_CLIENT=@OLD_CHARACTER_SET_CLIENT */;
/*!40101 SET CHARACTER_SET_RESULTS=@OLD_CHARACTER_SET_RESULTS */;
/*!40101 SET COLLATION_CONNECTION=@OLD_COLLATION_CONNECTION */;
